{
  "id": 275537,
  "language": "en-GB",
  "name": "Ray-Ban Aviator Sunglasses 0RB3025 L0205 58",
  "description": "<a href=“ /Men/Sunglasses/Cat/pgecategory.aspx?cid=6519\"><strong>Sunglasses</strong></a> by <a href=\"/Men/A-To-Z-Of-Brands/Ray-Ban/Cat/pgecategory.aspx?cid=4497 \"><strong>Ray-Ban</strong></a> \r\n-\tColoured teardrop lenses\r\n-\tFull rimmed metal frames\r\n-\tSoft plastic nose pads\r\n-\tSlim temples",
  "fabricConstruction": "Non Clothing",
  "materials": "Body: 100% Metal, Lens: 100% Plastic.",
  "additionalInfo": "100% Metal\r\n100% Plastic Lens\r\nUV 100 Protection\r\n\r\n<strong>SIZE & FIT</strong> \r\nLens Size: 5.8cm/2.3\"",
  "brand": {
    "name": "Ray-Ban",
    "description": "An iconic  <a href=\"/Men/A-To-Z-Of-Brands/Ray-Ban/Cat/pgecategory.aspx?cid=4497 \"><strong>Ray-Ban</strong></a>  style, the Aviator was originally designed in 1937 for the U.S. military fighter pilots. With a cult celebrity following, the Aviator is famed for its signature metal frame and teardrop lenses, in a selection of finishes and metals, including the ultra-lightweight and durable carbon fibre addition.",
    "brandId": 3128
  },
  "careInfo": "To maintain appearance we recommend wiping any marks with a soft cloth",
  "productCode": "MBASU275537",
  "category": "Sunglasses",
  "categoryId": 785,
  "department": "Accessories MB",
  "departmentId": 17,
  "division": "Menswear",
  "isReturnable": true,
  "store": "COM",
  "isInStock": true,
  "variants": [
    {
      "id": 4583142,
      "colourCode": "GO1",
      "sku": "3103353",
      "colour": "Gold",
      "attributes": [
        {
          "name": "PRODUCT TYPE",
          "value": "Sunglasses",
          "nameId": 900,
          "valueId": 1589,
          "isWebRefine": true,
          "languageCode": "en-GB",
          "lastModified": "0001-01-01T00:00:00"
        },
        {
          "name": "LEATHER/NON LEATHER",
          "value": "Non Leather",
          "nameId": 911,
          "valueId": 2256,
          "isWebRefine": true,
          "languageCode": "en-GB",
          "lastModified": "0001-01-01T00:00:00"
        },
        {
          "name": "PATTERN",
          "value": "Plain",
          "nameId": 925,
          "valueId": 2370,
          "isWebRefine": false,
          "languageCode": "en-GB",
          "lastModified": "0001-01-01T00:00:00"
        },
        {
          "name": "RETURNABLE",
          "value": "Yes",
          "nameId": 953,
          "valueId": 2625,
          "isWebRefine": false,
          "languageCode": "en-GB",
          "lastModified": "0001-01-01T00:00:00"
        },
        {
          "name": "VALUE/HIGH STREET/PREMIUM",
          "value": "Premium",
          "nameId": 954,
          "valueId": 2629,
          "isWebRefine": false,
          "languageCode": "en-GB",
          "lastModified": "0001-01-01T00:00:00"
        },
        {
          "name": "SELLING PERIOD",
          "value": "Jan-june",
          "nameId": 944,
          "valueId": 2643,
          "isWebRefine": false,
          "languageCode": "en-GB",
          "lastModified": "0001-01-01T00:00:00"
        },
        {
          "name": "SAMPLE SIZE",
          "value": "Not Applicable",
          "nameId": 956,
          "valueId": 2690,
          "isWebRefine": false,
          "languageCode": "en-GB",
          "lastModified": "0001-01-01T00:00:00"
        },
        {
          "name": "TREND (MEN'S)",
          "value": "Not Applicable",
          "nameId": 949,
          "valueId": 2753,
          "isWebRefine": false,
          "languageCode": "en-GB",
          "lastModified": "0001-01-01T00:00:00"
        },
        {
          "name": "TREND (WOMEN)",
          "value": "Not Applicable",
          "nameId": 950,
          "valueId": 2857,
          "isWebRefine": false,
          "languageCode": "en-GB",
          "lastModified": "0001-01-01T00:00:00"
        },
        {
          "name": "MALE MODELS",
          "value": "No model image",
          "nameId": 951,
          "valueId": 2947,
          "isWebRefine": false,
          "languageCode": "en-GB",
          "lastModified": "2011-06-10T06:36:41.43Z"
        },
        {
          "name": "FEMALE MODELS",
          "value": "Not Applicable",
          "nameId": 952,
          "valueId": 3187,
          "isWebRefine": false,
          "languageCode": "en-GB",
          "lastModified": "2011-06-10T06:38:14.51Z"
        },
        {
          "name": "CARE LABELS",
          "value": "Brands",
          "nameId": 943,
          "valueId": 3227,
          "isWebRefine": false,
          "languageCode": "en-GB",
          "lastModified": "0001-01-01T00:00:00"
        },
        {
          "name": "COTTON INITIATIVE",
          "value": "Not Applicable",
          "nameId": 921,
          "valueId": 3230,
          "isWebRefine": false,
          "languageCode": "en-GB",
          "lastModified": "0001-01-01T00:00:00"
        },
        {
          "name": "ECO EDIT",
          "value": "Not Applicable",
          "nameId": 928,
          "valueId": 3239,
          "isWebRefine": false,
          "languageCode": "en-GB",
          "lastModified": "0001-01-01T00:00:00"
        },
        {
          "name": "MAGAZINE",
          "value": "Not Applicable",
          "nameId": 960,
          "valueId": 3280,
          "isWebRefine": false,
          "languageCode": "en-GB",
          "lastModified": "0001-01-01T00:00:00"
        },
        {
          "name": "FLOW",
          "value": "Yes",
          "nameId": 966,
          "valueId": 3477,
          "isWebRefine": false,
          "languageCode": "en-GB",
          "lastModified": "0001-01-01T00:00:00"
        },
        {
          "name": "ELECTRICAL EQUIPMENT",
          "value": "Not Applicable",
          "nameId": 967,
          "valueId": 3530,
          "isWebRefine": false,
          "languageCode": "en-GB",
          "lastModified": "0001-01-01T00:00:00"
        },
        {
          "name": "CARBON NEUTRAL",
          "value": "NO",
          "nameId": 971,
          "valueId": 3581,
          "isWebRefine": false,
          "languageCode": "en-GB",
          "lastModified": "0001-01-01T00:00:00"
        },
        {
          "name": "GOLD SEAL/BLIND GOLD SEAL",
          "value": "BLIND GOLD SEALED",
          "nameId": 974,
          "valueId": 3606,
          "isWebRefine": false,
          "languageCode": "en-GB",
          "lastModified": "0001-01-01T00:00:00"
        },
        {
          "name": "GIFTING",
          "value": "No",
          "nameId": 978,
          "valueId": 3631,
          "isWebRefine": false,
          "languageCode": "en-GB",
          "lastModified": "0001-01-01T00:00:00"
        },
        {
          "name": "SALE BUY",
          "value": "No",
          "nameId": 982,
          "valueId": 3683,
          "isWebRefine": false,
          "languageCode": "en-GB",
          "lastModified": "0001-01-01T00:00:00"
        },
        {
          "name": "CTL - STYLING ITEM",
          "value": "NO",
          "nameId": 984,
          "valueId": 3701,
          "isWebRefine": false,
          "languageCode": "en-GB",
          "lastModified": "0001-01-01T00:00:00"
        },
        {
          "name": "PRODUCT CLASSIFICATION",
          "value": "Core",
          "nameId": 987,
          "valueId": 3777,
          "isWebRefine": false,
          "languageCode": "en-GB",
          "lastModified": "0001-01-01T00:00:00"
        },
        {
          "name": "SUB CATEGORIES",
          "value": "Not Applicable",
          "nameId": 993,
          "valueId": 3904,
          "isWebRefine": false,
          "languageCode": "en-GB",
          "lastModified": "0001-01-01T00:00:00"
        },
        {
          "name": "ORIGINAL SEASON",
          "value": "Spring summer 14",
          "nameId": 955,
          "valueId": 3915,
          "isWebRefine": false,
          "languageCode": "en-GB",
          "lastModified": "0001-01-01T00:00:00"
        },
        {
          "name": "GIFTS",
          "value": "Not Applicable",
          "nameId": 1005,
          "valueId": 4189,
          "isWebRefine": true,
          "languageCode": "en-GB",
          "lastModified": "0001-01-01T00:00:00"
        },
        {
          "name": "COMMUNITY",
          "value": "No",
          "nameId": 1008,
          "valueId": 4204,
          "isWebRefine": false,
          "languageCode": "en-GB",
          "lastModified": "0001-01-01T00:00:00"
        },
        {
          "name": "STYLE DESTINATION",
          "value": "NOT CHINA",
          "nameId": 1010,
          "valueId": 4248,
          "isWebRefine": false,
          "languageCode": "en-GB",
          "lastModified": "0001-01-01T00:00:00"
        },
        {
          "name": "PRODUCT DETAIL",
          "value": "Not Applicable",
          "nameId": 1014,
          "valueId": 4635,
          "isWebRefine": false,
          "languageCode": "en-GB",
          "lastModified": "0001-01-01T00:00:00"
        },
        {
          "name": "STYLE",
          "value": "Aviator",
          "nameId": 989,
          "valueId": 4945,
          "isWebRefine": true,
          "languageCode": "en-GB",
          "lastModified": "0001-01-01T00:00:00"
        },
        {
          "name": "EXCLUSIVE",
          "value": "Not Applicable",
          "nameId": 965,
          "valueId": 5456,
          "isWebRefine": false,
          "languageCode": "en-GB",
          "lastModified": "0001-01-01T00:00:00"
        },
        {
          "name": "SEASONAL EVENT",
          "value": "Halloween",
          "nameId": 1020,
          "valueId": 5993,
          "isWebRefine": false,
          "languageCode": "en-GB",
          "lastModified": "0001-01-01T00:00:00"
        },
        {
          "name": "BACK TO SCHOOL",
          "value": "No",
          "nameId": 1021,
          "valueId": 5996,
          "isWebRefine": false,
          "languageCode": "en-GB",
          "lastModified": "0001-01-01T00:00:00"
        },
        {
          "name": "OCCASION & GOING OUT",
          "value": "Not Applicable",
          "nameId": 1024,
          "valueId": 6022,
          "isWebRefine": false,
          "languageCode": "en-GB",
          "lastModified": "0001-01-01T00:00:00"
        },
        {
          "name": "PRODUCT FIT",
          "value": "Not Applicable",
          "nameId": 1029,
          "valueId": 6537,
          "isWebRefine": false,
          "languageCode": "en-GB",
          "lastModified": "0001-01-01T00:00:00"
        },
        {
          "name": "MULTIPACK",
          "value": "Singles",
          "nameId": 1032,
          "valueId": 7032,
          "isWebRefine": true,
          "languageCode": "en-GB",
          "lastModified": "0001-01-01T00:00:00"
        },
        {
          "name": "CUSTOMER SEGMENTATION",
          "value": "Not Applicable",
          "nameId": 1033,
          "valueId": 7091,
          "isWebRefine": false,
          "languageCode": "en-GB",
          "lastModified": "0001-01-01T00:00:00"
        }
      ],
      "brandSizes": [
        {
          "name": "S",
          "schema": "UK",
          "text": "47mm",
          "sortOrder": 26
        },
        {
          "name": "S",
          "schema": "US",
          "text": "47mm",
          "sortOrder": 26
        },
        {
          "name": "S",
          "schema": "AU",
          "text": "47mm",
          "sortOrder": 26
        },
        {
          "name": "S",
          "schema": "UK",
          "text": "55mm",
          "sortOrder": 26
        },
        {
          "name": "S",
          "schema": "US",
          "text": "55mm",
          "sortOrder": 26
        },
        {
          "name": "S",
          "schema": "AU",
          "text": "55mm",
          "sortOrder": 26
        }
      ],
      "refinementSizes": [
        {
          "id": 1873,
          "name": "S",
          "schema": "UK",
          "sortOrder": 158
        },
        {
          "id": 1873,
          "name": "S",
          "schema": "US",
          "sortOrder": 158
        },
        {
          "id": 1873,
          "name": "S",
          "schema": "AU",
          "sortOrder": 158
        }
      ],
      "isInStock": false,
      "isLowInStock": false,
      "price": {
        "currency": "GBP",
        "current": {
          "value": 93.0,
          "text": "£93.00"
        },
        "previous": {
          "value": 93.0,
          "text": "£93.00"
        },
        "rrp": {
          "value": 0.0,
          "text": "£0.00"
        },
        "isMarkedDown": false,
        "isOutletPrice": false
      },
      "weight": 123.0,
      "isPrimary": true,
      "navigateUrl": "/ray-ban/ray-ban-aviator-sunglasses-0rb3025-l0205-58/prd/4583142",
      "isAvailable": true
    },
    {
      "id": 4656401,
      "colourCode": "GO1",
      "sku": "3165833",
      "colour": "Gold",
      "attributes": [
        {
          "name": "PRODUCT TYPE",
          "value": "Sunglasses",
          "nameId": 900,
          "valueId": 1589,
          "isWebRefine": true,
          "languageCode": "en-GB",
          "lastModified": "0001-01-01T00:00:00"
        },
        {
          "name": "LEATHER/NON LEATHER",
          "value": "Non Leather",
          "nameId": 911,
          "valueId": 2256,
          "isWebRefine": true,
          "languageCode": "en-GB",
          "lastModified": "0001-01-01T00:00:00"
        },
        {
          "name": "PATTERN",
          "value": "Plain",
          "nameId": 925,
          "valueId": 2370,
          "isWebRefine": false,
          "languageCode": "en-GB",
          "lastModified": "0001-01-01T00:00:00"
        },
        {
          "name": "RETURNABLE",
          "value": "Yes",
          "nameId": 953,
          "valueId": 2625,
          "isWebRefine": false,
          "languageCode": "en-GB",
          "lastModified": "0001-01-01T00:00:00"
        },
        {
          "name": "VALUE/HIGH STREET/PREMIUM",
          "value": "Premium",
          "nameId": 954,
          "valueId": 2629,
          "isWebRefine": false,
          "languageCode": "en-GB",
          "lastModified": "0001-01-01T00:00:00"
        },
        {
          "name": "SELLING PERIOD",
          "value": "Jan-june",
          "nameId": 944,
          "valueId": 2643,
          "isWebRefine": false,
          "languageCode": "en-GB",
          "lastModified": "0001-01-01T00:00:00"
        },
        {
          "name": "SAMPLE SIZE",
          "value": "Not Applicable",
          "nameId": 956,
          "valueId": 2690,
          "isWebRefine": false,
          "languageCode": "en-GB",
          "lastModified": "0001-01-01T00:00:00"
        },
        {
          "name": "TREND (MEN'S)",
          "value": "Not Applicable",
          "nameId": 949,
          "valueId": 2753,
          "isWebRefine": false,
          "languageCode": "en-GB",
          "lastModified": "0001-01-01T00:00:00"
        },
        {
          "name": "TREND (WOMEN)",
          "value": "Not Applicable",
          "nameId": 950,
          "valueId": 2857,
          "isWebRefine": false,
          "languageCode": "en-GB",
          "lastModified": "0001-01-01T00:00:00"
        },
        {
          "name": "MALE MODELS",
          "value": "No model image",
          "nameId": 951,
          "valueId": 2947,
          "isWebRefine": false,
          "languageCode": "en-GB",
          "lastModified": "2011-06-10T06:36:41.43Z"
        },
        {
          "name": "FEMALE MODELS",
          "value": "Not Applicable",
          "nameId": 952,
          "valueId": 3187,
          "isWebRefine": false,
          "languageCode": "en-GB",
          "lastModified": "2011-06-10T06:38:14.51Z"
        },
        {
          "name": "CARE LABELS",
          "value": "Brands",
          "nameId": 943,
          "valueId": 3227,
          "isWebRefine": false,
          "languageCode": "en-GB",
          "lastModified": "0001-01-01T00:00:00"
        },
        {
          "name": "COTTON INITIATIVE",
          "value": "Not Applicable",
          "nameId": 921,
          "valueId": 3230,
          "isWebRefine": false,
          "languageCode": "en-GB",
          "lastModified": "0001-01-01T00:00:00"
        },
        {
          "name": "ECO EDIT",
          "value": "Not Applicable",
          "nameId": 928,
          "valueId": 3239,
          "isWebRefine": false,
          "languageCode": "en-GB",
          "lastModified": "0001-01-01T00:00:00"
        },
        {
          "name": "MAGAZINE",
          "value": "Not Applicable",
          "nameId": 960,
          "valueId": 3280,
          "isWebRefine": false,
          "languageCode": "en-GB",
          "lastModified": "0001-01-01T00:00:00"
        },
        {
          "name": "FLOW",
          "value": "Yes",
          "nameId": 966,
          "valueId": 3477,
          "isWebRefine": false,
          "languageCode": "en-GB",
          "lastModified": "0001-01-01T00:00:00"
        },
        {
          "name": "ELECTRICAL EQUIPMENT",
          "value": "Not Applicable",
          "nameId": 967,
          "valueId": 3530,
          "isWebRefine": false,
          "languageCode": "en-GB",
          "lastModified": "0001-01-01T00:00:00"
        },
        {
          "name": "CARBON NEUTRAL",
          "value": "NO",
          "nameId": 971,
          "valueId": 3581,
          "isWebRefine": false,
          "languageCode": "en-GB",
          "lastModified": "0001-01-01T00:00:00"
        },
        {
          "name": "GOLD SEAL/BLIND GOLD SEAL",
          "value": "BLIND GOLD SEALED",
          "nameId": 974,
          "valueId": 3606,
          "isWebRefine": false,
          "languageCode": "en-GB",
          "lastModified": "0001-01-01T00:00:00"
        },
        {
          "name": "GIFTING",
          "value": "No",
          "nameId": 978,
          "valueId": 3631,
          "isWebRefine": false,
          "languageCode": "en-GB",
          "lastModified": "0001-01-01T00:00:00"
        },
        {
          "name": "SALE BUY",
          "value": "No",
          "nameId": 982,
          "valueId": 3683,
          "isWebRefine": false,
          "languageCode": "en-GB",
          "lastModified": "0001-01-01T00:00:00"
        },
        {
          "name": "CTL - STYLING ITEM",
          "value": "NO",
          "nameId": 984,
          "valueId": 3701,
          "isWebRefine": false,
          "languageCode": "en-GB",
          "lastModified": "0001-01-01T00:00:00"
        },
        {
          "name": "PRODUCT CLASSIFICATION",
          "value": "Core",
          "nameId": 987,
          "valueId": 3777,
          "isWebRefine": false,
          "languageCode": "en-GB",
          "lastModified": "0001-01-01T00:00:00"
        },
        {
          "name": "SUB CATEGORIES",
          "value": "Not Applicable",
          "nameId": 993,
          "valueId": 3904,
          "isWebRefine": false,
          "languageCode": "en-GB",
          "lastModified": "0001-01-01T00:00:00"
        },
        {
          "name": "ORIGINAL SEASON",
          "value": "Spring summer 14",
          "nameId": 955,
          "valueId": 3915,
          "isWebRefine": false,
          "languageCode": "en-GB",
          "lastModified": "0001-01-01T00:00:00"
        },
        {
          "name": "GIFTS",
          "value": "Not Applicable",
          "nameId": 1005,
          "valueId": 4189,
          "isWebRefine": true,
          "languageCode": "en-GB",
          "lastModified": "0001-01-01T00:00:00"
        },
        {
          "name": "COMMUNITY",
          "value": "No",
          "nameId": 1008,
          "valueId": 4204,
          "isWebRefine": false,
          "languageCode": "en-GB",
          "lastModified": "0001-01-01T00:00:00"
        },
        {
          "name": "STYLE DESTINATION",
          "value": "NOT CHINA",
          "nameId": 1010,
          "valueId": 4248,
          "isWebRefine": false,
          "languageCode": "en-GB",
          "lastModified": "0001-01-01T00:00:00"
        },
        {
          "name": "PRODUCT DETAIL",
          "value": "Not Applicable",
          "nameId": 1014,
          "valueId": 4635,
          "isWebRefine": false,
          "languageCode": "en-GB",
          "lastModified": "0001-01-01T00:00:00"
        },
        {
          "name": "STYLE",
          "value": "Aviator",
          "nameId": 989,
          "valueId": 4945,
          "isWebRefine": true,
          "languageCode": "en-GB",
          "lastModified": "0001-01-01T00:00:00"
        },
        {
          "name": "EXCLUSIVE",
          "value": "Not Applicable",
          "nameId": 965,
          "valueId": 5456,
          "isWebRefine": false,
          "languageCode": "en-GB",
          "lastModified": "0001-01-01T00:00:00"
        },
        {
          "name": "SEASONAL EVENT",
          "value": "Halloween",
          "nameId": 1020,
          "valueId": 5993,
          "isWebRefine": false,
          "languageCode": "en-GB",
          "lastModified": "0001-01-01T00:00:00"
        },
        {
          "name": "BACK TO SCHOOL",
          "value": "No",
          "nameId": 1021,
          "valueId": 5996,
          "isWebRefine": false,
          "languageCode": "en-GB",
          "lastModified": "0001-01-01T00:00:00"
        },
        {
          "name": "OCCASION & GOING OUT",
          "value": "Not Applicable",
          "nameId": 1024,
          "valueId": 6022,
          "isWebRefine": false,
          "languageCode": "en-GB",
          "lastModified": "0001-01-01T00:00:00"
        },
        {
          "name": "PRODUCT FIT",
          "value": "Not Applicable",
          "nameId": 1029,
          "valueId": 6537,
          "isWebRefine": false,
          "languageCode": "en-GB",
          "lastModified": "0001-01-01T00:00:00"
        },
        {
          "name": "MULTIPACK",
          "value": "Singles",
          "nameId": 1032,
          "valueId": 7032,
          "isWebRefine": true,
          "languageCode": "en-GB",
          "lastModified": "0001-01-01T00:00:00"
        },
        {
          "name": "CUSTOMER SEGMENTATION",
          "value": "Not Applicable",
          "nameId": 1033,
          "valueId": 7091,
          "isWebRefine": false,
          "languageCode": "en-GB",
          "lastModified": "0001-01-01T00:00:00"
        }
      ],
      "brandSizes": [
        {
          "name": "M",
          "schema": "UK",
          "text": "50mm",
          "sortOrder": 27
        },
        {
          "name": "M",
          "schema": "US",
          "text": "50mm",
          "sortOrder": 27
        },
        {
          "name": "M",
          "schema": "AU",
          "text": "50mm",
          "sortOrder": 27
        },
        {
          "name": "M",
          "schema": "UK",
          "text": "58mm",
          "sortOrder": 27
        },
        {
          "name": "M",
          "schema": "US",
          "text": "58mm",
          "sortOrder": 27
        },
        {
          "name": "M",
          "schema": "AU",
          "text": "58mm",
          "sortOrder": 27
        }
      ],
      "refinementSizes": [
        {
          "id": 1848,
          "name": "M",
          "schema": "UK",
          "sortOrder": 160
        },
        {
          "id": 1848,
          "name": "M",
          "schema": "US",
          "sortOrder": 160
        },
        {
          "id": 1848,
          "name": "M",
          "schema": "AU",
          "sortOrder": 160
        }
      ],
      "isInStock": false,
      "isLowInStock": false,
      "price": {
        "currency": "GBP",
        "current": {
          "value": 93.0,
          "text": "£93.00"
        },
        "previous": {
          "value": 93.0,
          "text": "£93.00"
        },
        "rrp": {
          "value": 0.0,
          "text": "£0.00"
        },
        "isMarkedDown": false,
        "isOutletPrice": false
      },
      "weight": 123.0,
      "isPrimary": true,
      "navigateUrl": "/ray-ban/ray-ban-aviator-sunglasses-0rb3025-l0205-58/prd/4656401",
      "isAvailable": true
    },
    {
      "id": 4583144,
      "colourCode": "GO1",
      "sku": "3103354",
      "colour": "Gold",
      "attributes": [
        {
          "name": "PRODUCT TYPE",
          "value": "Sunglasses",
          "nameId": 900,
          "valueId": 1589,
          "isWebRefine": true,
          "languageCode": "en-GB",
          "lastModified": "0001-01-01T00:00:00"
        },
        {
          "name": "LEATHER/NON LEATHER",
          "value": "Non Leather",
          "nameId": 911,
          "valueId": 2256,
          "isWebRefine": true,
          "languageCode": "en-GB",
          "lastModified": "0001-01-01T00:00:00"
        },
        {
          "name": "PATTERN",
          "value": "Plain",
          "nameId": 925,
          "valueId": 2370,
          "isWebRefine": false,
          "languageCode": "en-GB",
          "lastModified": "0001-01-01T00:00:00"
        },
        {
          "name": "RETURNABLE",
          "value": "Yes",
          "nameId": 953,
          "valueId": 2625,
          "isWebRefine": false,
          "languageCode": "en-GB",
          "lastModified": "0001-01-01T00:00:00"
        },
        {
          "name": "VALUE/HIGH STREET/PREMIUM",
          "value": "Premium",
          "nameId": 954,
          "valueId": 2629,
          "isWebRefine": false,
          "languageCode": "en-GB",
          "lastModified": "0001-01-01T00:00:00"
        },
        {
          "name": "SELLING PERIOD",
          "value": "Jan-june",
          "nameId": 944,
          "valueId": 2643,
          "isWebRefine": false,
          "languageCode": "en-GB",
          "lastModified": "0001-01-01T00:00:00"
        },
        {
          "name": "SAMPLE SIZE",
          "value": "Not Applicable",
          "nameId": 956,
          "valueId": 2690,
          "isWebRefine": false,
          "languageCode": "en-GB",
          "lastModified": "0001-01-01T00:00:00"
        },
        {
          "name": "TREND (MEN'S)",
          "value": "Not Applicable",
          "nameId": 949,
          "valueId": 2753,
          "isWebRefine": false,
          "languageCode": "en-GB",
          "lastModified": "0001-01-01T00:00:00"
        },
        {
          "name": "TREND (WOMEN)",
          "value": "Not Applicable",
          "nameId": 950,
          "valueId": 2857,
          "isWebRefine": false,
          "languageCode": "en-GB",
          "lastModified": "0001-01-01T00:00:00"
        },
        {
          "name": "MALE MODELS",
          "value": "No model image",
          "nameId": 951,
          "valueId": 2947,
          "isWebRefine": false,
          "languageCode": "en-GB",
          "lastModified": "2011-06-10T06:36:41.43Z"
        },
        {
          "name": "FEMALE MODELS",
          "value": "Not Applicable",
          "nameId": 952,
          "valueId": 3187,
          "isWebRefine": false,
          "languageCode": "en-GB",
          "lastModified": "2011-06-10T06:38:14.51Z"
        },
        {
          "name": "CARE LABELS",
          "value": "Brands",
          "nameId": 943,
          "valueId": 3227,
          "isWebRefine": false,
          "languageCode": "en-GB",
          "lastModified": "0001-01-01T00:00:00"
        },
        {
          "name": "COTTON INITIATIVE",
          "value": "Not Applicable",
          "nameId": 921,
          "valueId": 3230,
          "isWebRefine": false,
          "languageCode": "en-GB",
          "lastModified": "0001-01-01T00:00:00"
        },
        {
          "name": "ECO EDIT",
          "value": "Not Applicable",
          "nameId": 928,
          "valueId": 3239,
          "isWebRefine": false,
          "languageCode": "en-GB",
          "lastModified": "0001-01-01T00:00:00"
        },
        {
          "name": "MAGAZINE",
          "value": "Not Applicable",
          "nameId": 960,
          "valueId": 3280,
          "isWebRefine": false,
          "languageCode": "en-GB",
          "lastModified": "0001-01-01T00:00:00"
        },
        {
          "name": "FLOW",
          "value": "Yes",
          "nameId": 966,
          "valueId": 3477,
          "isWebRefine": false,
          "languageCode": "en-GB",
          "lastModified": "0001-01-01T00:00:00"
        },
        {
          "name": "ELECTRICAL EQUIPMENT",
          "value": "Not Applicable",
          "nameId": 967,
          "valueId": 3530,
          "isWebRefine": false,
          "languageCode": "en-GB",
          "lastModified": "0001-01-01T00:00:00"
        },
        {
          "name": "CARBON NEUTRAL",
          "value": "NO",
          "nameId": 971,
          "valueId": 3581,
          "isWebRefine": false,
          "languageCode": "en-GB",
          "lastModified": "0001-01-01T00:00:00"
        },
        {
          "name": "GOLD SEAL/BLIND GOLD SEAL",
          "value": "BLIND GOLD SEALED",
          "nameId": 974,
          "valueId": 3606,
          "isWebRefine": false,
          "languageCode": "en-GB",
          "lastModified": "0001-01-01T00:00:00"
        },
        {
          "name": "GIFTING",
          "value": "No",
          "nameId": 978,
          "valueId": 3631,
          "isWebRefine": false,
          "languageCode": "en-GB",
          "lastModified": "0001-01-01T00:00:00"
        },
        {
          "name": "SALE BUY",
          "value": "No",
          "nameId": 982,
          "valueId": 3683,
          "isWebRefine": false,
          "languageCode": "en-GB",
          "lastModified": "0001-01-01T00:00:00"
        },
        {
          "name": "CTL - STYLING ITEM",
          "value": "NO",
          "nameId": 984,
          "valueId": 3701,
          "isWebRefine": false,
          "languageCode": "en-GB",
          "lastModified": "0001-01-01T00:00:00"
        },
        {
          "name": "PRODUCT CLASSIFICATION",
          "value": "Core",
          "nameId": 987,
          "valueId": 3777,
          "isWebRefine": false,
          "languageCode": "en-GB",
          "lastModified": "0001-01-01T00:00:00"
        },
        {
          "name": "SUB CATEGORIES",
          "value": "Not Applicable",
          "nameId": 993,
          "valueId": 3904,
          "isWebRefine": false,
          "languageCode": "en-GB",
          "lastModified": "0001-01-01T00:00:00"
        },
        {
          "name": "ORIGINAL SEASON",
          "value": "Spring summer 14",
          "nameId": 955,
          "valueId": 3915,
          "isWebRefine": false,
          "languageCode": "en-GB",
          "lastModified": "0001-01-01T00:00:00"
        },
        {
          "name": "GIFTS",
          "value": "Not Applicable",
          "nameId": 1005,
          "valueId": 4189,
          "isWebRefine": true,
          "languageCode": "en-GB",
          "lastModified": "0001-01-01T00:00:00"
        },
        {
          "name": "COMMUNITY",
          "value": "No",
          "nameId": 1008,
          "valueId": 4204,
          "isWebRefine": false,
          "languageCode": "en-GB",
          "lastModified": "0001-01-01T00:00:00"
        },
        {
          "name": "STYLE DESTINATION",
          "value": "NOT CHINA",
          "nameId": 1010,
          "valueId": 4248,
          "isWebRefine": false,
          "languageCode": "en-GB",
          "lastModified": "0001-01-01T00:00:00"
        },
        {
          "name": "PRODUCT DETAIL",
          "value": "Not Applicable",
          "nameId": 1014,
          "valueId": 4635,
          "isWebRefine": false,
          "languageCode": "en-GB",
          "lastModified": "0001-01-01T00:00:00"
        },
        {
          "name": "STYLE",
          "value": "Aviator",
          "nameId": 989,
          "valueId": 4945,
          "isWebRefine": true,
          "languageCode": "en-GB",
          "lastModified": "0001-01-01T00:00:00"
        },
        {
          "name": "EXCLUSIVE",
          "value": "Not Applicable",
          "nameId": 965,
          "valueId": 5456,
          "isWebRefine": false,
          "languageCode": "en-GB",
          "lastModified": "0001-01-01T00:00:00"
        },
        {
          "name": "SEASONAL EVENT",
          "value": "Halloween",
          "nameId": 1020,
          "valueId": 5993,
          "isWebRefine": false,
          "languageCode": "en-GB",
          "lastModified": "0001-01-01T00:00:00"
        },
        {
          "name": "BACK TO SCHOOL",
          "value": "No",
          "nameId": 1021,
          "valueId": 5996,
          "isWebRefine": false,
          "languageCode": "en-GB",
          "lastModified": "0001-01-01T00:00:00"
        },
        {
          "name": "OCCASION & GOING OUT",
          "value": "Not Applicable",
          "nameId": 1024,
          "valueId": 6022,
          "isWebRefine": false,
          "languageCode": "en-GB",
          "lastModified": "0001-01-01T00:00:00"
        },
        {
          "name": "PRODUCT FIT",
          "value": "Not Applicable",
          "nameId": 1029,
          "valueId": 6537,
          "isWebRefine": false,
          "languageCode": "en-GB",
          "lastModified": "0001-01-01T00:00:00"
        },
        {
          "name": "MULTIPACK",
          "value": "Singles",
          "nameId": 1032,
          "valueId": 7032,
          "isWebRefine": true,
          "languageCode": "en-GB",
          "lastModified": "0001-01-01T00:00:00"
        },
        {
          "name": "CUSTOMER SEGMENTATION",
          "value": "Not Applicable",
          "nameId": 1033,
          "valueId": 7091,
          "isWebRefine": false,
          "languageCode": "en-GB",
          "lastModified": "0001-01-01T00:00:00"
        }
      ],
      "brandSizes": [
        {
          "name": "L",
          "schema": "UK",
          "text": "54mm",
          "sortOrder": 28
        },
        {
          "name": "L",
          "schema": "US",
          "text": "54mm",
          "sortOrder": 28
        },
        {
          "name": "L",
          "schema": "AU",
          "text": "54mm",
          "sortOrder": 28
        },
        {
          "name": "L",
          "schema": "UK",
          "text": "62mm",
          "sortOrder": 28
        },
        {
          "name": "L",
          "schema": "US",
          "text": "62mm",
          "sortOrder": 28
        },
        {
          "name": "L",
          "schema": "AU",
          "text": "62mm",
          "sortOrder": 28
        }
      ],
      "refinementSizes": [
        {
          "id": 1943,
          "name": "L",
          "schema": "UK",
          "sortOrder": 161
        },
        {
          "id": 1943,
          "name": "L",
          "schema": "US",
          "sortOrder": 161
        },
        {
          "id": 1943,
          "name": "L",
          "schema": "AU",
          "sortOrder": 161
        }
      ],
      "isInStock": false,
      "isLowInStock": false,
      "price": {
        "currency": "GBP",
        "current": {
          "value": 93.0,
          "text": "£93.00"
        },
        "previous": {
          "value": 93.0,
          "text": "£93.00"
        },
        "rrp": {
          "value": 0.0,
          "text": "£0.00"
        },
        "isMarkedDown": false,
        "isOutletPrice": false
      },
      "weight": 123.0,
      "isPrimary": true,
      "navigateUrl": "/ray-ban/ray-ban-aviator-sunglasses-0rb3025-l0205-58/prd/4583144",
      "isAvailable": true
    },
    {
      "id": 275538,
      "colourCode": "GO1",
      "sku": "MBASU275538",
      "colour": "Gold",
      "attributes": [
        {
          "name": "PRODUCT TYPE",
          "value": "Sunglasses",
          "nameId": 900,
          "valueId": 1589,
          "isWebRefine": true,
          "languageCode": "en-GB",
          "lastModified": "0001-01-01T00:00:00"
        },
        {
          "name": "LEATHER/NON LEATHER",
          "value": "Non Leather",
          "nameId": 911,
          "valueId": 2256,
          "isWebRefine": true,
          "languageCode": "en-GB",
          "lastModified": "0001-01-01T00:00:00"
        },
        {
          "name": "PATTERN",
          "value": "Plain",
          "nameId": 925,
          "valueId": 2370,
          "isWebRefine": false,
          "languageCode": "en-GB",
          "lastModified": "0001-01-01T00:00:00"
        },
        {
          "name": "RETURNABLE",
          "value": "Yes",
          "nameId": 953,
          "valueId": 2625,
          "isWebRefine": false,
          "languageCode": "en-GB",
          "lastModified": "0001-01-01T00:00:00"
        },
        {
          "name": "VALUE/HIGH STREET/PREMIUM",
          "value": "Premium",
          "nameId": 954,
          "valueId": 2629,
          "isWebRefine": false,
          "languageCode": "en-GB",
          "lastModified": "0001-01-01T00:00:00"
        },
        {
          "name": "SELLING PERIOD",
          "value": "Jan-june",
          "nameId": 944,
          "valueId": 2643,
          "isWebRefine": false,
          "languageCode": "en-GB",
          "lastModified": "0001-01-01T00:00:00"
        },
        {
          "name": "SAMPLE SIZE",
          "value": "Not Applicable",
          "nameId": 956,
          "valueId": 2690,
          "isWebRefine": false,
          "languageCode": "en-GB",
          "lastModified": "0001-01-01T00:00:00"
        },
        {
          "name": "TREND (MEN'S)",
          "value": "Not Applicable",
          "nameId": 949,
          "valueId": 2753,
          "isWebRefine": false,
          "languageCode": "en-GB",
          "lastModified": "0001-01-01T00:00:00"
        },
        {
          "name": "TREND (WOMEN)",
          "value": "Not Applicable",
          "nameId": 950,
          "valueId": 2857,
          "isWebRefine": false,
          "languageCode": "en-GB",
          "lastModified": "0001-01-01T00:00:00"
        },
        {
          "name": "MALE MODELS",
          "value": "No model image",
          "nameId": 951,
          "valueId": 2947,
          "isWebRefine": false,
          "languageCode": "en-GB",
          "lastModified": "2011-06-10T06:36:41.43Z"
        },
        {
          "name": "FEMALE MODELS",
          "value": "Not Applicable",
          "nameId": 952,
          "valueId": 3187,
          "isWebRefine": false,
          "languageCode": "en-GB",
          "lastModified": "2011-06-10T06:38:14.51Z"
        },
        {
          "name": "CARE LABELS",
          "value": "Brands",
          "nameId": 943,
          "valueId": 3227,
          "isWebRefine": false,
          "languageCode": "en-GB",
          "lastModified": "0001-01-01T00:00:00"
        },
        {
          "name": "COTTON INITIATIVE",
          "value": "Not Applicable",
          "nameId": 921,
          "valueId": 3230,
          "isWebRefine": false,
          "languageCode": "en-GB",
          "lastModified": "0001-01-01T00:00:00"
        },
        {
          "name": "ECO EDIT",
          "value": "Not Applicable",
          "nameId": 928,
          "valueId": 3239,
          "isWebRefine": false,
          "languageCode": "en-GB",
          "lastModified": "0001-01-01T00:00:00"
        },
        {
          "name": "MAGAZINE",
          "value": "Not Applicable",
          "nameId": 960,
          "valueId": 3280,
          "isWebRefine": false,
          "languageCode": "en-GB",
          "lastModified": "0001-01-01T00:00:00"
        },
        {
          "name": "FLOW",
          "value": "Yes",
          "nameId": 966,
          "valueId": 3477,
          "isWebRefine": false,
          "languageCode": "en-GB",
          "lastModified": "0001-01-01T00:00:00"
        },
        {
          "name": "ELECTRICAL EQUIPMENT",
          "value": "Not Applicable",
          "nameId": 967,
          "valueId": 3530,
          "isWebRefine": false,
          "languageCode": "en-GB",
          "lastModified": "0001-01-01T00:00:00"
        },
        {
          "name": "CARBON NEUTRAL",
          "value": "NO",
          "nameId": 971,
          "valueId": 3581,
          "isWebRefine": false,
          "languageCode": "en-GB",
          "lastModified": "0001-01-01T00:00:00"
        },
        {
          "name": "GOLD SEAL/BLIND GOLD SEAL",
          "value": "BLIND GOLD SEALED",
          "nameId": 974,
          "valueId": 3606,
          "isWebRefine": false,
          "languageCode": "en-GB",
          "lastModified": "0001-01-01T00:00:00"
        },
        {
          "name": "GIFTING",
          "value": "No",
          "nameId": 978,
          "valueId": 3631,
          "isWebRefine": false,
          "languageCode": "en-GB",
          "lastModified": "0001-01-01T00:00:00"
        },
        {
          "name": "SALE BUY",
          "value": "No",
          "nameId": 982,
          "valueId": 3683,
          "isWebRefine": false,
          "languageCode": "en-GB",
          "lastModified": "0001-01-01T00:00:00"
        },
        {
          "name": "CTL - STYLING ITEM",
          "value": "NO",
          "nameId": 984,
          "valueId": 3701,
          "isWebRefine": false,
          "languageCode": "en-GB",
          "lastModified": "0001-01-01T00:00:00"
        },
        {
          "name": "PRODUCT CLASSIFICATION",
          "value": "Core",
          "nameId": 987,
          "valueId": 3777,
          "isWebRefine": false,
          "languageCode": "en-GB",
          "lastModified": "0001-01-01T00:00:00"
        },
        {
          "name": "SUB CATEGORIES",
          "value": "Not Applicable",
          "nameId": 993,
          "valueId": 3904,
          "isWebRefine": false,
          "languageCode": "en-GB",
          "lastModified": "0001-01-01T00:00:00"
        },
        {
          "name": "ORIGINAL SEASON",
          "value": "Spring summer 14",
          "nameId": 955,
          "valueId": 3915,
          "isWebRefine": false,
          "languageCode": "en-GB",
          "lastModified": "0001-01-01T00:00:00"
        },
        {
          "name": "GIFTS",
          "value": "Not Applicable",
          "nameId": 1005,
          "valueId": 4189,
          "isWebRefine": true,
          "languageCode": "en-GB",
          "lastModified": "0001-01-01T00:00:00"
        },
        {
          "name": "COMMUNITY",
          "value": "No",
          "nameId": 1008,
          "valueId": 4204,
          "isWebRefine": false,
          "languageCode": "en-GB",
          "lastModified": "0001-01-01T00:00:00"
        },
        {
          "name": "STYLE DESTINATION",
          "value": "NOT CHINA",
          "nameId": 1010,
          "valueId": 4248,
          "isWebRefine": false,
          "languageCode": "en-GB",
          "lastModified": "0001-01-01T00:00:00"
        },
        {
          "name": "PRODUCT DETAIL",
          "value": "Not Applicable",
          "nameId": 1014,
          "valueId": 4635,
          "isWebRefine": false,
          "languageCode": "en-GB",
          "lastModified": "0001-01-01T00:00:00"
        },
        {
          "name": "STYLE",
          "value": "Aviator",
          "nameId": 989,
          "valueId": 4945,
          "isWebRefine": true,
          "languageCode": "en-GB",
          "lastModified": "0001-01-01T00:00:00"
        },
        {
          "name": "EXCLUSIVE",
          "value": "Not Applicable",
          "nameId": 965,
          "valueId": 5456,
          "isWebRefine": false,
          "languageCode": "en-GB",
          "lastModified": "0001-01-01T00:00:00"
        },
        {
          "name": "SEASONAL EVENT",
          "value": "Halloween",
          "nameId": 1020,
          "valueId": 5993,
          "isWebRefine": false,
          "languageCode": "en-GB",
          "lastModified": "0001-01-01T00:00:00"
        },
        {
          "name": "BACK TO SCHOOL",
          "value": "No",
          "nameId": 1021,
          "valueId": 5996,
          "isWebRefine": false,
          "languageCode": "en-GB",
          "lastModified": "0001-01-01T00:00:00"
        },
        {
          "name": "OCCASION & GOING OUT",
          "value": "Not Applicable",
          "nameId": 1024,
          "valueId": 6022,
          "isWebRefine": false,
          "languageCode": "en-GB",
          "lastModified": "0001-01-01T00:00:00"
        },
        {
          "name": "PRODUCT FIT",
          "value": "Not Applicable",
          "nameId": 1029,
          "valueId": 6537,
          "isWebRefine": false,
          "languageCode": "en-GB",
          "lastModified": "0001-01-01T00:00:00"
        },
        {
          "name": "MULTIPACK",
          "value": "Singles",
          "nameId": 1032,
          "valueId": 7032,
          "isWebRefine": true,
          "languageCode": "en-GB",
          "lastModified": "0001-01-01T00:00:00"
        },
        {
          "name": "CUSTOMER SEGMENTATION",
          "value": "Not Applicable",
          "nameId": 1033,
          "valueId": 7091,
          "isWebRefine": false,
          "languageCode": "en-GB",
          "lastModified": "0001-01-01T00:00:00"
        }
      ],
      "brandSizes": [
        {
          "name": "No Size",
          "schema": "UK",
          "text": "51mm",
          "sortOrder": 34
        },
        {
          "name": "No Size",
          "schema": "US",
          "text": "51mm",
          "sortOrder": 34
        },
        {
          "name": "No Size",
          "schema": "AU",
          "text": "51mm",
          "sortOrder": 34
        },
        {
          "name": "No Size",
          "schema": "UK",
          "text": "58mm",
          "sortOrder": 34
        },
        {
          "name": "No Size",
          "schema": "US",
          "text": "58mm",
          "sortOrder": 34
        },
        {
          "name": "No Size",
          "schema": "AU",
          "text": "58mm",
          "sortOrder": 34
        }
      ],
      "refinementSizes": [
        {
          "id": 1917,
          "name": "One Size",
          "schema": "UK",
          "sortOrder": 170
        },
        {
          "id": 1917,
          "name": "One Size",
          "schema": "US",
          "sortOrder": 170
        },
        {
          "id": 1917,
          "name": "One Size",
          "schema": "AU",
          "sortOrder": 170
        }
      ],
      "isInStock": true,
      "isLowInStock": false,
      "price": {
        "currency": "GBP",
        "current": {
          "value": 93.0,
          "text": "£93.00"
        },
        "previous": {
          "value": 93.0,
          "text": "£93.00"
        },
        "rrp": {
          "value": 0.0,
          "text": "£0.00"
        },
        "isMarkedDown": false,
        "isOutletPrice": false
      },
      "weight": 127.0,
      "isPrimary": true,
      "navigateUrl": "/ray-ban/ray-ban-aviator-sunglasses-0rb3025-l0205-58/prd/275538",
      "isAvailable": true
    }
  ],
  "legacyMedia": {
    "images": [
      {
        "url": "http://images.asos-media.com/inv/media/7/3/5/5/275537/gold/image1xs.jpg",
        "size": "xs",
        "colourCode": "GO1",
        "colour": "Gold",
        "isPrimary": true,
        "type": "Standard"
      },
      {
        "url": "http://images.asos-media.com/inv/media/7/3/5/5/275537/gold/image1xl.jpg",
        "size": "s",
        "colourCode": "GO1",
        "colour": "Gold",
        "isPrimary": true,
        "type": "Standard"
      },
      {
        "url": "http://images.asos-media.com/inv/media/7/3/5/5/275537/gold/image1l.jpg",
        "size": "l",
        "colourCode": "GO1",
        "colour": "Gold",
        "isPrimary": true,
        "type": "Standard"
      },
      {
        "url": "http://images.asos-media.com/inv/media/7/3/5/5/275537/gold/image1xl.jpg",
        "size": "xl",
        "colourCode": "GO1",
        "colour": "Gold",
        "isPrimary": true,
        "type": "Standard"
      },
      {
        "url": "http://images.asos-media.com/inv/media/7/3/5/5/275537/gold/image1xxl.jpg",
        "size": "xxl",
        "colourCode": "GO1",
        "colour": "Gold",
        "isPrimary": true,
        "type": "Standard"
      },
      {
        "url": "http://images.asos-media.com/inv/media/7/3/5/5/275537/image2s.jpg",
        "size": "s",
        "colourCode": "",
        "colour": "",
        "isPrimary": false,
        "type": "Standard"
      },
      {
        "url": "http://images.asos-media.com/inv/media/7/3/5/5/275537/image2xl.jpg",
        "size": "xl",
        "colourCode": "",
        "colour": "",
        "isPrimary": false,
        "type": "Standard"
      },
      {
        "url": "http://images.asos-media.com/inv/media/7/3/5/5/275537/image2xxl.jpg",
        "size": "xxl",
        "colourCode": "",
        "colour": "",
        "isPrimary": false,
        "type": "Standard"
      },
      {
        "url": "http://images.asos-media.com/inv/media/7/3/5/5/275537/image3s.jpg",
        "size": "s",
        "colourCode": "",
        "colour": "",
        "isPrimary": false,
        "type": "Standard"
      },
      {
        "url": "http://images.asos-media.com/inv/media/7/3/5/5/275537/image3xl.jpg",
        "size": "xl",
        "colourCode": "",
        "colour": "",
        "isPrimary": false,
        "type": "Standard"
      },
      {
        "url": "http://images.asos-media.com/inv/media/7/3/5/5/275537/image3xxl.jpg",
        "size": "xxl",
        "colourCode": "",
        "colour": "",
        "isPrimary": false,
        "type": "Standard"
      },
      {
        "url": "http://images.asos-media.com/inv/media/7/3/5/5/275537/image4s.jpg",
        "size": "s",
        "colourCode": "",
        "colour": "",
        "isPrimary": false,
        "type": "Standard"
      },
      {
        "url": "http://images.asos-media.com/inv/media/7/3/5/5/275537/image4xl.jpg",
        "size": "xl",
        "colourCode": "",
        "colour": "",
        "isPrimary": false,
        "type": "Standard"
      },
      {
        "url": "http://images.asos-media.com/inv/media/7/3/5/5/275537/image4xxl.jpg",
        "size": "xxl",
        "colourCode": "",
        "colour": "",
        "isPrimary": false,
        "type": "Standard"
      }
    ],
    "threeSixty": [
      {
        "url": "http://video.asos.com/CatwalkShots/275537-4-150316034003.swf",
        "colourCode": ""
      }
    ]
  },
  "media": {
    "images": [
      {
        "url": "s7testing-images.asos-media.com/products/ray-ban-aviator-sunglasses-0rb3025-l0205-58/275537-1-gold",
        "colourCode": "GO1",
        "colour": "Gold",
        "isPrimary": true,
        "type": "Standard1"
      },
      {
        "url": "s7testing-images.asos-media.com/products/ray-ban-aviator-sunglasses-0rb3025-l0205-58/275537-2",
        "colourCode": "",
        "colour": "",
        "isPrimary": false,
        "type": "Standard2"
      },
      {
        "url": "s7testing-images.asos-media.com/products/ray-ban-aviator-sunglasses-0rb3025-l0205-58/275537-3",
        "colourCode": "",
        "colour": "",
        "isPrimary": false,
        "type": "Standard3"
      },
      {
        "url": "s7testing-images.asos-media.com/products/ray-ban-aviator-sunglasses-0rb3025-l0205-58/275537-4",
        "colourCode": "",
        "colour": "",
        "isPrimary": false,
        "type": "Standard4"
      }
    ],
    "catwalk": [],
    "spinSet": [
      {
        "url": "s7testing-images.asos-media.com/products/ray-ban-aviator-sunglasses-0rb3025-l0205-58/275537-spinset",
        "colourCode": "GO1"
      }
    ]
  },
  "webCategoryIds": [
    {
      "id": 6519
    },
    {
      "id": 15055
    },
    {
      "id": 15876
    },
    {
      "id": 17477
    },
    {
      "id": 19972
    },
    {
      "id": 24128
    }
  ],
  "navigateUrl": "/ray-ban/ray-ban-aviator-sunglasses-0rb3025-l0205-58/prd/275537",
  "statusId": 50000,
  "divisionId": 5,
  "isAvailable": true,
  "dateOnSite": "2015-06-02T01:57:30Z",
  "lastModified": "2016-10-15T11:19:46.3600152Z",
  "lastTranslationModified": "2016-02-11T11:07:36.46Z",
  "associatedProductGroups": [
    {
      "id": 275537,
      "type": "CTL"
    }
  ],
  "price": {
    "currency": "GBP",
    "current": {
      "value": 93.0,
      "text": "£93.00"
    },
    "previous": {
      "value": 0.0,
      "text": "£0.00"
    },
    "rrp": {
      "value": 0.0,
      "text": "£0.00"
    },
    "isMarkedDown": false,
    "isOutletPrice": false
  }
}