{
  "id": 547971,
  "language": "en-GB",
  "name": "ASOS Caped Back Dress",
  "description": "<ul><li>Chiffon layered mini dress</li><li>V-shaped back with draped cape detail</li><li>Also available in <a href=\"/Ring Bikini Pants/Prod/pgeproduct.aspx?iid= 573353\">maternity</a> sizing</li></ul>",
  "fabricConstruction": "Woven",
  "materials": "100% polyester  Lining: 100% acetate    Size 10 length measures 34.5in (88cm) – side neck to hem",
  "additionalInfo": "100% polyester\r\nLining: 100% acetate\r\n\r\nSize 10 length measures 34.5in (88cm) – side neck to hem",
  "brand": {
    "name": "ASOS",
    "brandId": 53
  },
  "careInfo": "Hand wash, turn inside out, wash seperatly in cool water, cool iron on the reverse, do not tumble dry",
  "productCode": "SWCDR547971",
  "category": "Woven Plain Soft",
  "categoryId": 961,
  "department": "Evening Dresses WO",
  "departmentId": 50,
  "division": "Womenswear",
  "isReturnable": true,
  "store": "COM",
  "isInStock": false,
  "variants": [
    {
      "id": 547979,
      "colourCode": "PI1",
      "sku": "SWCDR547979",
      "colour": "Pink",
      "attributes": [
        {
          "name": "PRODUCT TYPE",
          "value": "Dresses",
          "nameId": 900,
          "valueId": 1465,
          "isWebRefine": true,
          "languageCode": "en-GB",
          "lastModified": "0001-01-01T00:00:00"
        },
        {
          "name": "RETURNABLE",
          "value": "Yes",
          "nameId": 953,
          "valueId": 2625,
          "isWebRefine": false,
          "languageCode": "en-GB",
          "lastModified": "0001-01-01T00:00:00"
        },
        {
          "name": "SELLING PERIOD",
          "value": "Jan/feb",
          "nameId": 944,
          "valueId": 2649,
          "isWebRefine": false,
          "languageCode": "en-GB",
          "lastModified": "0001-01-01T00:00:00"
        }
      ],
      "brandSizes": [
        {
          "name": "UK 6",
          "schema": "UK",
          "text": "",
          "sortOrder": 10
        },
        {
          "name": "US 2",
          "schema": "US",
          "text": "",
          "sortOrder": 10
        },
        {
          "name": "AU 6",
          "schema": "AU",
          "text": "",
          "sortOrder": 10
        }
      ],
      "refinementSizes": [
        {
          "id": 1924,
          "name": "UK 6",
          "schema": "UK",
          "sortOrder": 13
        },
        {
          "id": 1924,
          "name": "US 2",
          "schema": "US",
          "sortOrder": 13
        },
        {
          "id": 1924,
          "name": "AU 6",
          "schema": "AU",
          "sortOrder": 13
        }
      ],
      "isInStock": false,
      "isLowInStock": false,
      "price": {
        "currency": "GBP",
        "current": {
          "value": 5.0,
          "text": "£5.00"
        },
        "previous": {
          "value": 38.0,
          "text": "£38.00"
        },
        "rrp": {
          "value": 0.0,
          "text": "£0.00"
        },
        "isMarkedDown": true,
        "isOutletPrice": false
      },
      "weight": 300.0,
      "isPrimary": true,
      "navigateUrl": "/asos/asos-caped-back-dress/prd/547979",
      "isAvailable": true
    },
    {
      "id": 547980,
      "colourCode": "PI1",
      "sku": "SWCDR547980",
      "colour": "Pink",
      "attributes": [
        {
          "name": "PRODUCT TYPE",
          "value": "Dresses",
          "nameId": 900,
          "valueId": 1465,
          "isWebRefine": true,
          "languageCode": "en-GB",
          "lastModified": "0001-01-01T00:00:00"
        },
        {
          "name": "RETURNABLE",
          "value": "Yes",
          "nameId": 953,
          "valueId": 2625,
          "isWebRefine": false,
          "languageCode": "en-GB",
          "lastModified": "0001-01-01T00:00:00"
        },
        {
          "name": "SELLING PERIOD",
          "value": "Jan/feb",
          "nameId": 944,
          "valueId": 2649,
          "isWebRefine": false,
          "languageCode": "en-GB",
          "lastModified": "0001-01-01T00:00:00"
        }
      ],
      "brandSizes": [
        {
          "name": "UK 8",
          "schema": "UK",
          "text": "",
          "sortOrder": 13
        },
        {
          "name": "US 4",
          "schema": "US",
          "text": "",
          "sortOrder": 13
        },
        {
          "name": "AU 8",
          "schema": "AU",
          "text": "",
          "sortOrder": 13
        }
      ],
      "refinementSizes": [
        {
          "id": 1880,
          "name": "UK 8",
          "schema": "UK",
          "sortOrder": 20
        },
        {
          "id": 1880,
          "name": "US 4",
          "schema": "US",
          "sortOrder": 20
        },
        {
          "id": 1880,
          "name": "AU 8",
          "schema": "AU",
          "sortOrder": 20
        }
      ],
      "isInStock": false,
      "isLowInStock": false,
      "price": {
        "currency": "GBP",
        "current": {
          "value": 5.0,
          "text": "£5.00"
        },
        "previous": {
          "value": 38.0,
          "text": "£38.00"
        },
        "rrp": {
          "value": 0.0,
          "text": "£0.00"
        },
        "isMarkedDown": true,
        "isOutletPrice": false
      },
      "weight": 300.0,
      "isPrimary": true,
      "navigateUrl": "/asos/asos-caped-back-dress/prd/547980",
      "isAvailable": true
    },
    {
      "id": 547981,
      "colourCode": "PI1",
      "sku": "SWCDR547981",
      "colour": "Pink",
      "attributes": [
        {
          "name": "PRODUCT TYPE",
          "value": "Dresses",
          "nameId": 900,
          "valueId": 1465,
          "isWebRefine": true,
          "languageCode": "en-GB",
          "lastModified": "0001-01-01T00:00:00"
        },
        {
          "name": "RETURNABLE",
          "value": "Yes",
          "nameId": 953,
          "valueId": 2625,
          "isWebRefine": false,
          "languageCode": "en-GB",
          "lastModified": "0001-01-01T00:00:00"
        },
        {
          "name": "SELLING PERIOD",
          "value": "Jan/feb",
          "nameId": 944,
          "valueId": 2649,
          "isWebRefine": false,
          "languageCode": "en-GB",
          "lastModified": "0001-01-01T00:00:00"
        }
      ],
      "brandSizes": [
        {
          "name": "UK 10",
          "schema": "UK",
          "text": "",
          "sortOrder": 16
        },
        {
          "name": "US 6",
          "schema": "US",
          "text": "",
          "sortOrder": 16
        },
        {
          "name": "AU 10",
          "schema": "AU",
          "text": "",
          "sortOrder": 16
        }
      ],
      "refinementSizes": [
        {
          "id": 1944,
          "name": "UK 10",
          "schema": "UK",
          "sortOrder": 27
        },
        {
          "id": 1944,
          "name": "US 6",
          "schema": "US",
          "sortOrder": 27
        },
        {
          "id": 1944,
          "name": "AU 10",
          "schema": "AU",
          "sortOrder": 27
        }
      ],
      "isInStock": false,
      "isLowInStock": false,
      "price": {
        "currency": "GBP",
        "current": {
          "value": 5.0,
          "text": "£5.00"
        },
        "previous": {
          "value": 38.0,
          "text": "£38.00"
        },
        "rrp": {
          "value": 0.0,
          "text": "£0.00"
        },
        "isMarkedDown": true,
        "isOutletPrice": false
      },
      "weight": 300.0,
      "isPrimary": true,
      "navigateUrl": "/asos/asos-caped-back-dress/prd/547981",
      "isAvailable": true
    },
    {
      "id": 547982,
      "colourCode": "PI1",
      "sku": "SWCDR547982",
      "colour": "Pink",
      "attributes": [
        {
          "name": "PRODUCT TYPE",
          "value": "Dresses",
          "nameId": 900,
          "valueId": 1465,
          "isWebRefine": true,
          "languageCode": "en-GB",
          "lastModified": "0001-01-01T00:00:00"
        },
        {
          "name": "RETURNABLE",
          "value": "Yes",
          "nameId": 953,
          "valueId": 2625,
          "isWebRefine": false,
          "languageCode": "en-GB",
          "lastModified": "0001-01-01T00:00:00"
        },
        {
          "name": "SELLING PERIOD",
          "value": "Jan/feb",
          "nameId": 944,
          "valueId": 2649,
          "isWebRefine": false,
          "languageCode": "en-GB",
          "lastModified": "0001-01-01T00:00:00"
        }
      ],
      "brandSizes": [
        {
          "name": "UK 12",
          "schema": "UK",
          "text": "",
          "sortOrder": 19
        },
        {
          "name": "US 8",
          "schema": "US",
          "text": "",
          "sortOrder": 19
        },
        {
          "name": "AU 12",
          "schema": "AU",
          "text": "",
          "sortOrder": 19
        }
      ],
      "refinementSizes": [
        {
          "id": 2077,
          "name": "UK 12",
          "schema": "UK",
          "sortOrder": 33
        },
        {
          "id": 2077,
          "name": "US 8",
          "schema": "US",
          "sortOrder": 33
        },
        {
          "id": 2077,
          "name": "AU 12",
          "schema": "AU",
          "sortOrder": 33
        }
      ],
      "isInStock": false,
      "isLowInStock": false,
      "price": {
        "currency": "GBP",
        "current": {
          "value": 5.0,
          "text": "£5.00"
        },
        "previous": {
          "value": 38.0,
          "text": "£38.00"
        },
        "rrp": {
          "value": 0.0,
          "text": "£0.00"
        },
        "isMarkedDown": true,
        "isOutletPrice": false
      },
      "weight": 300.0,
      "isPrimary": true,
      "navigateUrl": "/asos/asos-caped-back-dress/prd/547982",
      "isAvailable": true
    },
    {
      "id": 547983,
      "colourCode": "PI1",
      "sku": "SWCDR547983",
      "colour": "Pink",
      "attributes": [
        {
          "name": "PRODUCT TYPE",
          "value": "Dresses",
          "nameId": 900,
          "valueId": 1465,
          "isWebRefine": true,
          "languageCode": "en-GB",
          "lastModified": "0001-01-01T00:00:00"
        },
        {
          "name": "RETURNABLE",
          "value": "Yes",
          "nameId": 953,
          "valueId": 2625,
          "isWebRefine": false,
          "languageCode": "en-GB",
          "lastModified": "0001-01-01T00:00:00"
        },
        {
          "name": "SELLING PERIOD",
          "value": "Jan/feb",
          "nameId": 944,
          "valueId": 2649,
          "isWebRefine": false,
          "languageCode": "en-GB",
          "lastModified": "0001-01-01T00:00:00"
        }
      ],
      "brandSizes": [
        {
          "name": "UK 14",
          "schema": "UK",
          "text": "",
          "sortOrder": 22
        },
        {
          "name": "US 10",
          "schema": "US",
          "text": "",
          "sortOrder": 22
        },
        {
          "name": "AU 14",
          "schema": "AU",
          "text": "",
          "sortOrder": 22
        }
      ],
      "refinementSizes": [
        {
          "id": 1920,
          "name": "UK 14",
          "schema": "UK",
          "sortOrder": 39
        },
        {
          "id": 1920,
          "name": "US 10",
          "schema": "US",
          "sortOrder": 39
        },
        {
          "id": 1920,
          "name": "AU 14",
          "schema": "AU",
          "sortOrder": 39
        }
      ],
      "isInStock": false,
      "isLowInStock": false,
      "price": {
        "currency": "GBP",
        "current": {
          "value": 5.0,
          "text": "£5.00"
        },
        "previous": {
          "value": 38.0,
          "text": "£38.00"
        },
        "rrp": {
          "value": 0.0,
          "text": "£0.00"
        },
        "isMarkedDown": true,
        "isOutletPrice": false
      },
      "weight": 300.0,
      "isPrimary": true,
      "navigateUrl": "/asos/asos-caped-back-dress/prd/547983",
      "isAvailable": true
    },
    {
      "id": 547984,
      "colourCode": "PI1",
      "sku": "SWCDR547984",
      "colour": "Pink",
      "attributes": [
        {
          "name": "PRODUCT TYPE",
          "value": "Dresses",
          "nameId": 900,
          "valueId": 1465,
          "isWebRefine": true,
          "languageCode": "en-GB",
          "lastModified": "0001-01-01T00:00:00"
        },
        {
          "name": "RETURNABLE",
          "value": "Yes",
          "nameId": 953,
          "valueId": 2625,
          "isWebRefine": false,
          "languageCode": "en-GB",
          "lastModified": "0001-01-01T00:00:00"
        },
        {
          "name": "SELLING PERIOD",
          "value": "Jan/feb",
          "nameId": 944,
          "valueId": 2649,
          "isWebRefine": false,
          "languageCode": "en-GB",
          "lastModified": "0001-01-01T00:00:00"
        }
      ],
      "brandSizes": [
        {
          "name": "UK 16",
          "schema": "UK",
          "text": "",
          "sortOrder": 25
        },
        {
          "name": "US 12",
          "schema": "US",
          "text": "",
          "sortOrder": 25
        },
        {
          "name": "AU 16",
          "schema": "AU",
          "text": "",
          "sortOrder": 25
        }
      ],
      "refinementSizes": [
        {
          "id": 1992,
          "name": "UK 16",
          "schema": "UK",
          "sortOrder": 45
        },
        {
          "id": 1992,
          "name": "US 12",
          "schema": "US",
          "sortOrder": 45
        },
        {
          "id": 1992,
          "name": "AU 16",
          "schema": "AU",
          "sortOrder": 45
        }
      ],
      "isInStock": false,
      "isLowInStock": false,
      "price": {
        "currency": "GBP",
        "current": {
          "value": 5.0,
          "text": "£5.00"
        },
        "previous": {
          "value": 38.0,
          "text": "£38.00"
        },
        "rrp": {
          "value": 0.0,
          "text": "£0.00"
        },
        "isMarkedDown": true,
        "isOutletPrice": false
      },
      "weight": 300.0,
      "isPrimary": true,
      "navigateUrl": "/asos/asos-caped-back-dress/prd/547984",
      "isAvailable": true
    },
    {
      "id": 547985,
      "colourCode": "PI1",
      "sku": "SWCDR547985",
      "colour": "Pink",
      "attributes": [
        {
          "name": "PRODUCT TYPE",
          "value": "Dresses",
          "nameId": 900,
          "valueId": 1465,
          "isWebRefine": true,
          "languageCode": "en-GB",
          "lastModified": "0001-01-01T00:00:00"
        },
        {
          "name": "RETURNABLE",
          "value": "Yes",
          "nameId": 953,
          "valueId": 2625,
          "isWebRefine": false,
          "languageCode": "en-GB",
          "lastModified": "0001-01-01T00:00:00"
        },
        {
          "name": "SELLING PERIOD",
          "value": "Jan/feb",
          "nameId": 944,
          "valueId": 2649,
          "isWebRefine": false,
          "languageCode": "en-GB",
          "lastModified": "0001-01-01T00:00:00"
        }
      ],
      "brandSizes": [
        {
          "name": "UK 18",
          "schema": "UK",
          "text": "",
          "sortOrder": 28
        },
        {
          "name": "US 14",
          "schema": "US",
          "text": "",
          "sortOrder": 28
        },
        {
          "name": "AU 18",
          "schema": "AU",
          "text": "",
          "sortOrder": 28
        }
      ],
      "refinementSizes": [
        {
          "id": 1946,
          "name": "UK 18",
          "schema": "UK",
          "sortOrder": 52
        },
        {
          "id": 1946,
          "name": "US 14",
          "schema": "US",
          "sortOrder": 52
        },
        {
          "id": 1946,
          "name": "AU 18",
          "schema": "AU",
          "sortOrder": 52
        }
      ],
      "isInStock": false,
      "isLowInStock": false,
      "price": {
        "currency": "GBP",
        "current": {
          "value": 5.0,
          "text": "£5.00"
        },
        "previous": {
          "value": 38.0,
          "text": "£38.00"
        },
        "rrp": {
          "value": 0.0,
          "text": "£0.00"
        },
        "isMarkedDown": true,
        "isOutletPrice": false
      },
      "weight": 300.0,
      "isPrimary": true,
      "navigateUrl": "/asos/asos-caped-back-dress/prd/547985",
      "isAvailable": true
    }
  ],
  "legacyMedia": {
    "images": [
      {
        "url": "http://images.asos-media.com/inv/S/23/48/547971/Navy/image1xl.jpg",
        "size": "s",
        "colourCode": "",
        "colour": "",
        "isPrimary": false,
        "type": "Standard"
      },
      {
        "url": "http://images.asos-media.com/inv/S/23/48/547971/Navy/image1l.jpg",
        "size": "l",
        "colourCode": "",
        "colour": "",
        "isPrimary": false,
        "type": "Standard"
      },
      {
        "url": "http://images.asos-media.com/inv/S/23/48/547971/Navy/image1xl.jpg",
        "size": "xl",
        "colourCode": "",
        "colour": "",
        "isPrimary": false,
        "type": "Standard"
      },
      {
        "url": "http://images.asos-media.com/inv/S/23/48/547971/Navy/image1xxl.jpg",
        "size": "xxl",
        "colourCode": "",
        "colour": "",
        "isPrimary": false,
        "type": "Standard"
      },
      {
        "url": "http://images.asos-media.com/inv/S/23/48/547971/Navy/image1xs.jpg",
        "size": "xs",
        "colourCode": "",
        "colour": "",
        "isPrimary": false,
        "type": "Standard"
      },
      {
        "url": "http://images.asos-media.com/inv/S/23/48/547971/Pink/image1xl.jpg",
        "size": "s",
        "colourCode": "PI1",
        "colour": "Pink",
        "isPrimary": true,
        "type": "Standard"
      },
      {
        "url": "http://images.asos-media.com/inv/S/23/48/547971/Pink/image1l.jpg",
        "size": "l",
        "colourCode": "PI1",
        "colour": "Pink",
        "isPrimary": true,
        "type": "Standard"
      },
      {
        "url": "http://images.asos-media.com/inv/S/23/48/547971/Pink/image1xl.jpg",
        "size": "xl",
        "colourCode": "PI1",
        "colour": "Pink",
        "isPrimary": true,
        "type": "Standard"
      },
      {
        "url": "http://images.asos-media.com/inv/S/23/48/547971/Pink/image1xxl.jpg",
        "size": "xxl",
        "colourCode": "PI1",
        "colour": "Pink",
        "isPrimary": true,
        "type": "Standard"
      },
      {
        "url": "http://images.asos-media.com/inv/S/23/48/547971/Pink/image1xs.jpg",
        "size": "xs",
        "colourCode": "PI1",
        "colour": "Pink",
        "isPrimary": true,
        "type": "Standard"
      },
      {
        "url": "http://images.asos-media.com/inv/S/23/48/547971/image2s.jpg",
        "size": "s",
        "colourCode": "",
        "colour": "",
        "isPrimary": false,
        "type": "Standard"
      },
      {
        "url": "http://images.asos-media.com/inv/S/23/48/547971/image2xl.jpg",
        "size": "xl",
        "colourCode": "",
        "colour": "",
        "isPrimary": false,
        "type": "Standard"
      },
      {
        "url": "http://images.asos-media.com/inv/S/23/48/547971/image2xxl.jpg",
        "size": "xxl",
        "colourCode": "",
        "colour": "",
        "isPrimary": false,
        "type": "Standard"
      },
      {
        "url": "http://images.asos-media.com/inv/S/23/48/547971/image3s.jpg",
        "size": "s",
        "colourCode": "",
        "colour": "",
        "isPrimary": false,
        "type": "Standard"
      },
      {
        "url": "http://images.asos-media.com/inv/S/23/48/547971/image3xl.jpg",
        "size": "xl",
        "colourCode": "",
        "colour": "",
        "isPrimary": false,
        "type": "Standard"
      },
      {
        "url": "http://images.asos-media.com/inv/S/23/48/547971/image3xxl.jpg",
        "size": "xxl",
        "colourCode": "",
        "colour": "",
        "isPrimary": false,
        "type": "Standard"
      },
      {
        "url": "http://images.asos-media.com/inv/S/23/48/547971/image4s.jpg",
        "size": "s",
        "colourCode": "",
        "colour": "",
        "isPrimary": false,
        "type": "Standard"
      },
      {
        "url": "http://images.asos-media.com/inv/S/23/48/547971/image4xl.jpg",
        "size": "xl",
        "colourCode": "",
        "colour": "",
        "isPrimary": false,
        "type": "Standard"
      },
      {
        "url": "http://images.asos-media.com/inv/S/23/48/547971/image4xxl.jpg",
        "size": "xxl",
        "colourCode": "",
        "colour": "",
        "isPrimary": false,
        "type": "Standard"
      }
    ],
    "catwalk": [
      {
        "url": "http://video.asos.com/CatwalkShots/547971-4-090214122105.flv",
        "colourCode": ""
      }
    ]
  },
  "media": {
    "images": [
      {
        "url": "s7testing-images.asos-media.com/products/asos-caped-back-dress/547971-1-pink",
        "colourCode": "PI1",
        "colour": "Pink",
        "isPrimary": true,
        "type": "Standard1"
      },
      {
        "url": "s7testing-images.asos-media.com/products/asos-caped-back-dress/547971-2",
        "colourCode": "",
        "colour": "",
        "isPrimary": false,
        "type": "Standard2"
      },
      {
        "url": "s7testing-images.asos-media.com/products/asos-caped-back-dress/547971-3",
        "colourCode": "",
        "colour": "",
        "isPrimary": false,
        "type": "Standard3"
      },
      {
        "url": "s7testing-images.asos-media.com/products/asos-caped-back-dress/547971-4",
        "colourCode": "",
        "colour": "",
        "isPrimary": false,
        "type": "Standard4"
      }
    ],
    "catwalk": [
      {
        "url": "video.asos-media.com/products/asos-caped-back-dress/547971-catwalk-AVS",
        "colourCode": "PI1"
      }
    ],
    "spinSet": []
  },
  "webCategoryIds": [
    {
      "id": 22176
    }
  ],
  "navigateUrl": "/asos/asos-caped-back-dress/prd/547971",
  "statusId": 52000,
  "divisionId": 7,
  "isAvailable": true,
  "dateOnSite": "0001-01-01T00:00:00",
  "lastModified": "2016-10-13T06:12:21.5068297Z",
  "lastTranslationModified": "2016-04-25T00:00:00Z",
  "associatedProductGroups": [
    {
      "id": 547971,
      "type": "CTL"
    }
  ],
  "price": {
    "currency": "GBP",
    "current": {
      "value": 5.0,
      "text": "£5.00"
    },
    "previous": {
      "value": 38.0,
      "text": "£38.00"
    },
    "rrp": {
      "value": 0.0,
      "text": "£0.00"
    },
    "isMarkedDown": true,
    "isOutletPrice": false
  }
}