{
  "id": 1340104,
  "language": "en-GB",
  "name": "Unconditional Recycled Cotton Basic T-Shirt",
  "description": "<ul><li>Recycled cotton T-shirt by Unconditional. Featuring a marl finish, rolled short sleeves and raw edging to the round neck.<br><br>This garment is made from recycled cotton, formed of 90% post-production cotton scraps, broken down in to fiber form, blended with polyester and then re-knitted. This process reduces water consumption, drastically decreases landfill and in turn saves energy.<br><br>Model wears a Size Small</li></ul>",
  "fabricConstruction": "Knitted",
  "materials": "90% Cotton 10% Polyester",
  "additionalInfo": "90% Cotton, 10% Polyester",
  "brand": {
    "name": "Unconditional",
    "brandId": 3028
  },
  "careInfo": "Cool wash, do not bleach, iron cool, do not tumble dry\r\n\r\n",
  "productCode": "YBVAN1340104",
  "category": "T-Shirts",
  "categoryId": 918,
  "department": "Trend MB",
  "departmentId": 124,
  "division": "Menswear",
  "isReturnable": true,
  "store": "COM",
  "isInStock": true,
  "variants": [
    {
      "id": 1340105,
      "colourCode": "BL1",
      "sku": "YBVAN1340105",
      "colour": "Blue",
      "attributes": [
        {
          "name": "PRODUCT TYPE",
          "value": "T-Shirts",
          "nameId": 900,
          "valueId": 1600,
          "isWebRefine": true,
          "languageCode": "en-GB",
          "lastModified": "0001-01-01T00:00:00"
        },
        {
          "name": "PATTERN",
          "value": "Plain",
          "nameId": 925,
          "valueId": 2370,
          "isWebRefine": false,
          "languageCode": "en-GB",
          "lastModified": "0001-01-01T00:00:00"
        },
        {
          "name": "PRODUCTR LENGTH",
          "value": "Standard",
          "nameId": 916,
          "valueId": 2430,
          "isWebRefine": false,
          "languageCode": "en-GB",
          "lastModified": "0001-01-01T00:00:00"
        },
        {
          "name": "NECKLINE",
          "value": "Crew",
          "nameId": 941,
          "valueId": 2523,
          "isWebRefine": true,
          "languageCode": "en-GB",
          "lastModified": "0001-01-01T00:00:00"
        },
        {
          "name": "RETURNABLE",
          "value": "Yes",
          "nameId": 953,
          "valueId": 2625,
          "isWebRefine": false,
          "languageCode": "en-GB",
          "lastModified": "0001-01-01T00:00:00"
        },
        {
          "name": "VALUE/HIGH STREET/PREMIUM",
          "value": "High Street",
          "nameId": 954,
          "valueId": 2627,
          "isWebRefine": false,
          "languageCode": "en-GB",
          "lastModified": "0001-01-01T00:00:00"
        },
        {
          "name": "ORIGINAL SEASON",
          "value": "Autumn winter 11",
          "nameId": 955,
          "valueId": 2635,
          "isWebRefine": false,
          "languageCode": "en-GB",
          "lastModified": "0001-01-01T00:00:00"
        },
        {
          "name": "SELLING PERIOD",
          "value": "July-dec",
          "nameId": 944,
          "valueId": 2645,
          "isWebRefine": false,
          "languageCode": "en-GB",
          "lastModified": "0001-01-01T00:00:00"
        },
        {
          "name": "SAMPLE SIZE",
          "value": "Men's medium",
          "nameId": 956,
          "valueId": 2680,
          "isWebRefine": false,
          "languageCode": "en-GB",
          "lastModified": "0001-01-01T00:00:00"
        },
        {
          "name": "TREND (MEN'S)",
          "value": "Not Applicable",
          "nameId": 949,
          "valueId": 2753,
          "isWebRefine": false,
          "languageCode": "en-GB",
          "lastModified": "0001-01-01T00:00:00"
        },
        {
          "name": "TREND (WOMEN)",
          "value": "Not Applicable",
          "nameId": 950,
          "valueId": 2857,
          "isWebRefine": false,
          "languageCode": "en-GB",
          "lastModified": "0001-01-01T00:00:00"
        },
        {
          "name": "MALE MODELS",
          "value": "Cole",
          "nameId": 951,
          "valueId": 2990,
          "isWebRefine": false,
          "languageCode": "en-GB",
          "lastModified": "2011-06-10T06:36:46.617Z"
        },
        {
          "name": "FEMALE MODELS",
          "value": "Not Applicable",
          "nameId": 952,
          "valueId": 3187,
          "isWebRefine": false,
          "languageCode": "en-GB",
          "lastModified": "2011-06-10T06:38:14.51Z"
        },
        {
          "name": "CARE LABELS",
          "value": "Brands",
          "nameId": 943,
          "valueId": 3227,
          "isWebRefine": false,
          "languageCode": "en-GB",
          "lastModified": "0001-01-01T00:00:00"
        },
        {
          "name": "COTTON INITIATIVE",
          "value": "Not Applicable",
          "nameId": 921,
          "valueId": 3230,
          "isWebRefine": false,
          "languageCode": "en-GB",
          "lastModified": "0001-01-01T00:00:00"
        },
        {
          "name": "ECO EDIT",
          "value": "Not Applicable",
          "nameId": 928,
          "valueId": 3239,
          "isWebRefine": false,
          "languageCode": "en-GB",
          "lastModified": "0001-01-01T00:00:00"
        },
        {
          "name": "FIT",
          "value": "Not Applicable",
          "nameId": 934,
          "valueId": 3257,
          "isWebRefine": true,
          "languageCode": "en-GB",
          "lastModified": "0001-01-01T00:00:00"
        },
        {
          "name": "MAGAZINE",
          "value": "Not Applicable",
          "nameId": 960,
          "valueId": 3280,
          "isWebRefine": false,
          "languageCode": "en-GB",
          "lastModified": "0001-01-01T00:00:00"
        },
        {
          "name": "FLOW",
          "value": "No",
          "nameId": 966,
          "valueId": 3476,
          "isWebRefine": false,
          "languageCode": "en-GB",
          "lastModified": "0001-01-01T00:00:00"
        },
        {
          "name": "CARBON NEUTRAL",
          "value": "NO",
          "nameId": 971,
          "valueId": 3581,
          "isWebRefine": false,
          "languageCode": "en-GB",
          "lastModified": "0001-01-01T00:00:00"
        },
        {
          "name": "GOLD SEAL/BLIND GOLD SEAL",
          "value": "GOLD SEALED",
          "nameId": 974,
          "valueId": 3605,
          "isWebRefine": false,
          "languageCode": "en-GB",
          "lastModified": "0001-01-01T00:00:00"
        },
        {
          "name": "SALE BUY",
          "value": "No",
          "nameId": 982,
          "valueId": 3683,
          "isWebRefine": false,
          "languageCode": "en-GB",
          "lastModified": "0001-01-01T00:00:00"
        },
        {
          "name": "CTL - STYLING ITEM",
          "value": "NO",
          "nameId": 984,
          "valueId": 3701,
          "isWebRefine": false,
          "languageCode": "en-GB",
          "lastModified": "0001-01-01T00:00:00"
        },
        {
          "name": "PRODUCT CLASSIFICATION",
          "value": "Fashion",
          "nameId": 987,
          "valueId": 3780,
          "isWebRefine": false,
          "languageCode": "en-GB",
          "lastModified": "0001-01-01T00:00:00"
        },
        {
          "name": "SHIRT STYLE",
          "value": "Not Applicable",
          "nameId": 958,
          "valueId": 3983,
          "isWebRefine": true,
          "languageCode": "en-GB",
          "lastModified": "0001-01-01T00:00:00"
        },
        {
          "name": "COMMUNITY",
          "value": "No",
          "nameId": 1008,
          "valueId": 4204,
          "isWebRefine": false,
          "languageCode": "en-GB",
          "lastModified": "0001-01-01T00:00:00"
        },
        {
          "name": "STYLE DESTINATION",
          "value": "NOT CHINA",
          "nameId": 1010,
          "valueId": 4248,
          "isWebRefine": false,
          "languageCode": "en-GB",
          "lastModified": "0001-01-01T00:00:00"
        },
        {
          "name": "STYLE",
          "value": "Plain",
          "nameId": 989,
          "valueId": 4474,
          "isWebRefine": true,
          "languageCode": "en-GB",
          "lastModified": "0001-01-01T00:00:00"
        },
        {
          "name": "CO-ORDINATE",
          "value": "Not Applicable",
          "nameId": 1016,
          "valueId": 5150,
          "isWebRefine": false,
          "languageCode": "en-GB",
          "lastModified": "0001-01-01T00:00:00"
        },
        {
          "name": "SUB CATEGORIES",
          "value": "Fancy Plains",
          "nameId": 993,
          "valueId": 5623,
          "isWebRefine": false,
          "languageCode": "en-GB",
          "lastModified": "0001-01-01T00:00:00"
        },
        {
          "name": "DENIM RIP",
          "value": "Not Applicable",
          "nameId": 1025,
          "valueId": 6033,
          "isWebRefine": false,
          "languageCode": "en-GB",
          "lastModified": "0001-01-01T00:00:00"
        },
        {
          "name": "PRODUCT FIT",
          "value": "Standard",
          "nameId": 1029,
          "valueId": 6532,
          "isWebRefine": false,
          "languageCode": "en-GB",
          "lastModified": "0001-01-01T00:00:00"
        }
      ],
      "brandSizes": [
        {
          "name": "XS",
          "schema": "UK",
          "text": "Chest 86-91cm",
          "sortOrder": 77
        },
        {
          "name": "XS",
          "schema": "US",
          "text": "Chest 86-91cm",
          "sortOrder": 77
        },
        {
          "name": "XS",
          "schema": "AU",
          "text": "Chest 86-91cm",
          "sortOrder": 77
        }
      ],
      "refinementSizes": [
        {
          "id": 1997,
          "name": "XS",
          "schema": "UK",
          "sortOrder": 157
        },
        {
          "id": 1997,
          "name": "XS",
          "schema": "US",
          "sortOrder": 157
        },
        {
          "id": 1997,
          "name": "XS",
          "schema": "AU",
          "sortOrder": 157
        }
      ],
      "isInStock": false,
      "isLowInStock": false,
      "price": {
        "currency": "GBP",
        "current": {
          "value": 15.0,
          "text": "£15.00"
        },
        "previous": {
          "value": 50.0,
          "text": "£50.00"
        },
        "rrp": {
          "value": 0.0,
          "text": "£0.00"
        },
        "isMarkedDown": true,
        "isOutletPrice": false
      },
      "weight": 95.0,
      "isPrimary": false,
      "navigateUrl": "/unconditional/unconditional-recycled-cotton-basic-t-shirt/prd/1340105",
      "isAvailable": true
    },
    {
      "id": 1340106,
      "colourCode": "BL1",
      "sku": "YBVAN1340106",
      "colour": "Blue",
      "attributes": [
        {
          "name": "PRODUCT TYPE",
          "value": "T-Shirts",
          "nameId": 900,
          "valueId": 1600,
          "isWebRefine": true,
          "languageCode": "en-GB",
          "lastModified": "0001-01-01T00:00:00"
        },
        {
          "name": "PATTERN",
          "value": "Plain",
          "nameId": 925,
          "valueId": 2370,
          "isWebRefine": false,
          "languageCode": "en-GB",
          "lastModified": "0001-01-01T00:00:00"
        },
        {
          "name": "PRODUCTR LENGTH",
          "value": "Standard",
          "nameId": 916,
          "valueId": 2430,
          "isWebRefine": false,
          "languageCode": "en-GB",
          "lastModified": "0001-01-01T00:00:00"
        },
        {
          "name": "NECKLINE",
          "value": "Crew",
          "nameId": 941,
          "valueId": 2523,
          "isWebRefine": true,
          "languageCode": "en-GB",
          "lastModified": "0001-01-01T00:00:00"
        },
        {
          "name": "RETURNABLE",
          "value": "Yes",
          "nameId": 953,
          "valueId": 2625,
          "isWebRefine": false,
          "languageCode": "en-GB",
          "lastModified": "0001-01-01T00:00:00"
        },
        {
          "name": "VALUE/HIGH STREET/PREMIUM",
          "value": "High Street",
          "nameId": 954,
          "valueId": 2627,
          "isWebRefine": false,
          "languageCode": "en-GB",
          "lastModified": "0001-01-01T00:00:00"
        },
        {
          "name": "ORIGINAL SEASON",
          "value": "Autumn winter 11",
          "nameId": 955,
          "valueId": 2635,
          "isWebRefine": false,
          "languageCode": "en-GB",
          "lastModified": "0001-01-01T00:00:00"
        },
        {
          "name": "SELLING PERIOD",
          "value": "July-dec",
          "nameId": 944,
          "valueId": 2645,
          "isWebRefine": false,
          "languageCode": "en-GB",
          "lastModified": "0001-01-01T00:00:00"
        },
        {
          "name": "SAMPLE SIZE",
          "value": "Men's medium",
          "nameId": 956,
          "valueId": 2680,
          "isWebRefine": false,
          "languageCode": "en-GB",
          "lastModified": "0001-01-01T00:00:00"
        },
        {
          "name": "TREND (MEN'S)",
          "value": "Not Applicable",
          "nameId": 949,
          "valueId": 2753,
          "isWebRefine": false,
          "languageCode": "en-GB",
          "lastModified": "0001-01-01T00:00:00"
        },
        {
          "name": "TREND (WOMEN)",
          "value": "Not Applicable",
          "nameId": 950,
          "valueId": 2857,
          "isWebRefine": false,
          "languageCode": "en-GB",
          "lastModified": "0001-01-01T00:00:00"
        },
        {
          "name": "MALE MODELS",
          "value": "Cole",
          "nameId": 951,
          "valueId": 2990,
          "isWebRefine": false,
          "languageCode": "en-GB",
          "lastModified": "2011-06-10T06:36:46.617Z"
        },
        {
          "name": "FEMALE MODELS",
          "value": "Not Applicable",
          "nameId": 952,
          "valueId": 3187,
          "isWebRefine": false,
          "languageCode": "en-GB",
          "lastModified": "2011-06-10T06:38:14.51Z"
        },
        {
          "name": "CARE LABELS",
          "value": "Brands",
          "nameId": 943,
          "valueId": 3227,
          "isWebRefine": false,
          "languageCode": "en-GB",
          "lastModified": "0001-01-01T00:00:00"
        },
        {
          "name": "COTTON INITIATIVE",
          "value": "Not Applicable",
          "nameId": 921,
          "valueId": 3230,
          "isWebRefine": false,
          "languageCode": "en-GB",
          "lastModified": "0001-01-01T00:00:00"
        },
        {
          "name": "ECO EDIT",
          "value": "Not Applicable",
          "nameId": 928,
          "valueId": 3239,
          "isWebRefine": false,
          "languageCode": "en-GB",
          "lastModified": "0001-01-01T00:00:00"
        },
        {
          "name": "FIT",
          "value": "Not Applicable",
          "nameId": 934,
          "valueId": 3257,
          "isWebRefine": true,
          "languageCode": "en-GB",
          "lastModified": "0001-01-01T00:00:00"
        },
        {
          "name": "MAGAZINE",
          "value": "Not Applicable",
          "nameId": 960,
          "valueId": 3280,
          "isWebRefine": false,
          "languageCode": "en-GB",
          "lastModified": "0001-01-01T00:00:00"
        },
        {
          "name": "FLOW",
          "value": "No",
          "nameId": 966,
          "valueId": 3476,
          "isWebRefine": false,
          "languageCode": "en-GB",
          "lastModified": "0001-01-01T00:00:00"
        },
        {
          "name": "CARBON NEUTRAL",
          "value": "NO",
          "nameId": 971,
          "valueId": 3581,
          "isWebRefine": false,
          "languageCode": "en-GB",
          "lastModified": "0001-01-01T00:00:00"
        },
        {
          "name": "GOLD SEAL/BLIND GOLD SEAL",
          "value": "GOLD SEALED",
          "nameId": 974,
          "valueId": 3605,
          "isWebRefine": false,
          "languageCode": "en-GB",
          "lastModified": "0001-01-01T00:00:00"
        },
        {
          "name": "SALE BUY",
          "value": "No",
          "nameId": 982,
          "valueId": 3683,
          "isWebRefine": false,
          "languageCode": "en-GB",
          "lastModified": "0001-01-01T00:00:00"
        },
        {
          "name": "CTL - STYLING ITEM",
          "value": "NO",
          "nameId": 984,
          "valueId": 3701,
          "isWebRefine": false,
          "languageCode": "en-GB",
          "lastModified": "0001-01-01T00:00:00"
        },
        {
          "name": "PRODUCT CLASSIFICATION",
          "value": "Fashion",
          "nameId": 987,
          "valueId": 3780,
          "isWebRefine": false,
          "languageCode": "en-GB",
          "lastModified": "0001-01-01T00:00:00"
        },
        {
          "name": "SHIRT STYLE",
          "value": "Not Applicable",
          "nameId": 958,
          "valueId": 3983,
          "isWebRefine": true,
          "languageCode": "en-GB",
          "lastModified": "0001-01-01T00:00:00"
        },
        {
          "name": "COMMUNITY",
          "value": "No",
          "nameId": 1008,
          "valueId": 4204,
          "isWebRefine": false,
          "languageCode": "en-GB",
          "lastModified": "0001-01-01T00:00:00"
        },
        {
          "name": "STYLE DESTINATION",
          "value": "NOT CHINA",
          "nameId": 1010,
          "valueId": 4248,
          "isWebRefine": false,
          "languageCode": "en-GB",
          "lastModified": "0001-01-01T00:00:00"
        },
        {
          "name": "STYLE",
          "value": "Plain",
          "nameId": 989,
          "valueId": 4474,
          "isWebRefine": true,
          "languageCode": "en-GB",
          "lastModified": "0001-01-01T00:00:00"
        },
        {
          "name": "CO-ORDINATE",
          "value": "Not Applicable",
          "nameId": 1016,
          "valueId": 5150,
          "isWebRefine": false,
          "languageCode": "en-GB",
          "lastModified": "0001-01-01T00:00:00"
        },
        {
          "name": "SUB CATEGORIES",
          "value": "Fancy Plains",
          "nameId": 993,
          "valueId": 5623,
          "isWebRefine": false,
          "languageCode": "en-GB",
          "lastModified": "0001-01-01T00:00:00"
        },
        {
          "name": "DENIM RIP",
          "value": "Not Applicable",
          "nameId": 1025,
          "valueId": 6033,
          "isWebRefine": false,
          "languageCode": "en-GB",
          "lastModified": "0001-01-01T00:00:00"
        },
        {
          "name": "PRODUCT FIT",
          "value": "Standard",
          "nameId": 1029,
          "valueId": 6532,
          "isWebRefine": false,
          "languageCode": "en-GB",
          "lastModified": "0001-01-01T00:00:00"
        }
      ],
      "brandSizes": [
        {
          "name": "S",
          "schema": "UK",
          "text": "Chest 91-96cm",
          "sortOrder": 78
        },
        {
          "name": "S",
          "schema": "US",
          "text": "Chest 91-96cm",
          "sortOrder": 78
        },
        {
          "name": "S",
          "schema": "AU",
          "text": "Chest 91-96cm",
          "sortOrder": 78
        },
        {
          "name": "S",
          "schema": "UK",
          "text": "W76cm",
          "sortOrder": 78
        },
        {
          "name": "S",
          "schema": "US",
          "text": "W76cm",
          "sortOrder": 78
        },
        {
          "name": "S",
          "schema": "AU",
          "text": "W76cm",
          "sortOrder": 78
        }
      ],
      "refinementSizes": [
        {
          "id": 1873,
          "name": "S",
          "schema": "UK",
          "sortOrder": 158
        },
        {
          "id": 1873,
          "name": "S",
          "schema": "US",
          "sortOrder": 158
        },
        {
          "id": 1873,
          "name": "S",
          "schema": "AU",
          "sortOrder": 158
        }
      ],
      "isInStock": false,
      "isLowInStock": false,
      "price": {
        "currency": "GBP",
        "current": {
          "value": 15.0,
          "text": "£15.00"
        },
        "previous": {
          "value": 50.0,
          "text": "£50.00"
        },
        "rrp": {
          "value": 0.0,
          "text": "£0.00"
        },
        "isMarkedDown": true,
        "isOutletPrice": false
      },
      "weight": 95.0,
      "isPrimary": false,
      "navigateUrl": "/unconditional/unconditional-recycled-cotton-basic-t-shirt/prd/1340106",
      "isAvailable": true
    },
    {
      "id": 1340107,
      "colourCode": "BL1",
      "sku": "YBVAN1340107",
      "colour": "Blue",
      "attributes": [
        {
          "name": "PRODUCT TYPE",
          "value": "T-Shirts",
          "nameId": 900,
          "valueId": 1600,
          "isWebRefine": true,
          "languageCode": "en-GB",
          "lastModified": "0001-01-01T00:00:00"
        },
        {
          "name": "PATTERN",
          "value": "Plain",
          "nameId": 925,
          "valueId": 2370,
          "isWebRefine": false,
          "languageCode": "en-GB",
          "lastModified": "0001-01-01T00:00:00"
        },
        {
          "name": "PRODUCTR LENGTH",
          "value": "Standard",
          "nameId": 916,
          "valueId": 2430,
          "isWebRefine": false,
          "languageCode": "en-GB",
          "lastModified": "0001-01-01T00:00:00"
        },
        {
          "name": "NECKLINE",
          "value": "Crew",
          "nameId": 941,
          "valueId": 2523,
          "isWebRefine": true,
          "languageCode": "en-GB",
          "lastModified": "0001-01-01T00:00:00"
        },
        {
          "name": "RETURNABLE",
          "value": "Yes",
          "nameId": 953,
          "valueId": 2625,
          "isWebRefine": false,
          "languageCode": "en-GB",
          "lastModified": "0001-01-01T00:00:00"
        },
        {
          "name": "VALUE/HIGH STREET/PREMIUM",
          "value": "High Street",
          "nameId": 954,
          "valueId": 2627,
          "isWebRefine": false,
          "languageCode": "en-GB",
          "lastModified": "0001-01-01T00:00:00"
        },
        {
          "name": "ORIGINAL SEASON",
          "value": "Autumn winter 11",
          "nameId": 955,
          "valueId": 2635,
          "isWebRefine": false,
          "languageCode": "en-GB",
          "lastModified": "0001-01-01T00:00:00"
        },
        {
          "name": "SELLING PERIOD",
          "value": "July-dec",
          "nameId": 944,
          "valueId": 2645,
          "isWebRefine": false,
          "languageCode": "en-GB",
          "lastModified": "0001-01-01T00:00:00"
        },
        {
          "name": "SAMPLE SIZE",
          "value": "Men's medium",
          "nameId": 956,
          "valueId": 2680,
          "isWebRefine": false,
          "languageCode": "en-GB",
          "lastModified": "0001-01-01T00:00:00"
        },
        {
          "name": "TREND (MEN'S)",
          "value": "Not Applicable",
          "nameId": 949,
          "valueId": 2753,
          "isWebRefine": false,
          "languageCode": "en-GB",
          "lastModified": "0001-01-01T00:00:00"
        },
        {
          "name": "TREND (WOMEN)",
          "value": "Not Applicable",
          "nameId": 950,
          "valueId": 2857,
          "isWebRefine": false,
          "languageCode": "en-GB",
          "lastModified": "0001-01-01T00:00:00"
        },
        {
          "name": "MALE MODELS",
          "value": "Cole",
          "nameId": 951,
          "valueId": 2990,
          "isWebRefine": false,
          "languageCode": "en-GB",
          "lastModified": "2011-06-10T06:36:46.617Z"
        },
        {
          "name": "FEMALE MODELS",
          "value": "Not Applicable",
          "nameId": 952,
          "valueId": 3187,
          "isWebRefine": false,
          "languageCode": "en-GB",
          "lastModified": "2011-06-10T06:38:14.51Z"
        },
        {
          "name": "CARE LABELS",
          "value": "Brands",
          "nameId": 943,
          "valueId": 3227,
          "isWebRefine": false,
          "languageCode": "en-GB",
          "lastModified": "0001-01-01T00:00:00"
        },
        {
          "name": "COTTON INITIATIVE",
          "value": "Not Applicable",
          "nameId": 921,
          "valueId": 3230,
          "isWebRefine": false,
          "languageCode": "en-GB",
          "lastModified": "0001-01-01T00:00:00"
        },
        {
          "name": "ECO EDIT",
          "value": "Not Applicable",
          "nameId": 928,
          "valueId": 3239,
          "isWebRefine": false,
          "languageCode": "en-GB",
          "lastModified": "0001-01-01T00:00:00"
        },
        {
          "name": "FIT",
          "value": "Not Applicable",
          "nameId": 934,
          "valueId": 3257,
          "isWebRefine": true,
          "languageCode": "en-GB",
          "lastModified": "0001-01-01T00:00:00"
        },
        {
          "name": "MAGAZINE",
          "value": "Not Applicable",
          "nameId": 960,
          "valueId": 3280,
          "isWebRefine": false,
          "languageCode": "en-GB",
          "lastModified": "0001-01-01T00:00:00"
        },
        {
          "name": "FLOW",
          "value": "No",
          "nameId": 966,
          "valueId": 3476,
          "isWebRefine": false,
          "languageCode": "en-GB",
          "lastModified": "0001-01-01T00:00:00"
        },
        {
          "name": "CARBON NEUTRAL",
          "value": "NO",
          "nameId": 971,
          "valueId": 3581,
          "isWebRefine": false,
          "languageCode": "en-GB",
          "lastModified": "0001-01-01T00:00:00"
        },
        {
          "name": "GOLD SEAL/BLIND GOLD SEAL",
          "value": "GOLD SEALED",
          "nameId": 974,
          "valueId": 3605,
          "isWebRefine": false,
          "languageCode": "en-GB",
          "lastModified": "0001-01-01T00:00:00"
        },
        {
          "name": "SALE BUY",
          "value": "No",
          "nameId": 982,
          "valueId": 3683,
          "isWebRefine": false,
          "languageCode": "en-GB",
          "lastModified": "0001-01-01T00:00:00"
        },
        {
          "name": "CTL - STYLING ITEM",
          "value": "NO",
          "nameId": 984,
          "valueId": 3701,
          "isWebRefine": false,
          "languageCode": "en-GB",
          "lastModified": "0001-01-01T00:00:00"
        },
        {
          "name": "PRODUCT CLASSIFICATION",
          "value": "Fashion",
          "nameId": 987,
          "valueId": 3780,
          "isWebRefine": false,
          "languageCode": "en-GB",
          "lastModified": "0001-01-01T00:00:00"
        },
        {
          "name": "SHIRT STYLE",
          "value": "Not Applicable",
          "nameId": 958,
          "valueId": 3983,
          "isWebRefine": true,
          "languageCode": "en-GB",
          "lastModified": "0001-01-01T00:00:00"
        },
        {
          "name": "COMMUNITY",
          "value": "No",
          "nameId": 1008,
          "valueId": 4204,
          "isWebRefine": false,
          "languageCode": "en-GB",
          "lastModified": "0001-01-01T00:00:00"
        },
        {
          "name": "STYLE DESTINATION",
          "value": "NOT CHINA",
          "nameId": 1010,
          "valueId": 4248,
          "isWebRefine": false,
          "languageCode": "en-GB",
          "lastModified": "0001-01-01T00:00:00"
        },
        {
          "name": "STYLE",
          "value": "Plain",
          "nameId": 989,
          "valueId": 4474,
          "isWebRefine": true,
          "languageCode": "en-GB",
          "lastModified": "0001-01-01T00:00:00"
        },
        {
          "name": "CO-ORDINATE",
          "value": "Not Applicable",
          "nameId": 1016,
          "valueId": 5150,
          "isWebRefine": false,
          "languageCode": "en-GB",
          "lastModified": "0001-01-01T00:00:00"
        },
        {
          "name": "SUB CATEGORIES",
          "value": "Fancy Plains",
          "nameId": 993,
          "valueId": 5623,
          "isWebRefine": false,
          "languageCode": "en-GB",
          "lastModified": "0001-01-01T00:00:00"
        },
        {
          "name": "DENIM RIP",
          "value": "Not Applicable",
          "nameId": 1025,
          "valueId": 6033,
          "isWebRefine": false,
          "languageCode": "en-GB",
          "lastModified": "0001-01-01T00:00:00"
        },
        {
          "name": "PRODUCT FIT",
          "value": "Standard",
          "nameId": 1029,
          "valueId": 6532,
          "isWebRefine": false,
          "languageCode": "en-GB",
          "lastModified": "0001-01-01T00:00:00"
        }
      ],
      "brandSizes": [
        {
          "name": "M",
          "schema": "UK",
          "text": "Chest 96-101cm",
          "sortOrder": 79
        },
        {
          "name": "M",
          "schema": "US",
          "text": "Chest 96-101cm",
          "sortOrder": 79
        },
        {
          "name": "M",
          "schema": "AU",
          "text": "Chest 96-101cm",
          "sortOrder": 79
        },
        {
          "name": "M",
          "schema": "UK",
          "text": "W81cm",
          "sortOrder": 79
        },
        {
          "name": "M",
          "schema": "US",
          "text": "W81cm",
          "sortOrder": 79
        },
        {
          "name": "M",
          "schema": "AU",
          "text": "W81cm",
          "sortOrder": 79
        }
      ],
      "refinementSizes": [
        {
          "id": 1848,
          "name": "M",
          "schema": "UK",
          "sortOrder": 160
        },
        {
          "id": 1848,
          "name": "M",
          "schema": "US",
          "sortOrder": 160
        },
        {
          "id": 1848,
          "name": "M",
          "schema": "AU",
          "sortOrder": 160
        }
      ],
      "isInStock": true,
      "isLowInStock": true,
      "price": {
        "currency": "GBP",
        "current": {
          "value": 15.0,
          "text": "£15.00"
        },
        "previous": {
          "value": 50.0,
          "text": "£50.00"
        },
        "rrp": {
          "value": 0.0,
          "text": "£0.00"
        },
        "isMarkedDown": true,
        "isOutletPrice": false
      },
      "weight": 95.0,
      "isPrimary": false,
      "navigateUrl": "/unconditional/unconditional-recycled-cotton-basic-t-shirt/prd/1340107",
      "isAvailable": true
    },
    {
      "id": 1340108,
      "colourCode": "BL1",
      "sku": "YBVAN1340108",
      "colour": "Blue",
      "attributes": [
        {
          "name": "PRODUCT TYPE",
          "value": "T-Shirts",
          "nameId": 900,
          "valueId": 1600,
          "isWebRefine": true,
          "languageCode": "en-GB",
          "lastModified": "0001-01-01T00:00:00"
        },
        {
          "name": "PATTERN",
          "value": "Plain",
          "nameId": 925,
          "valueId": 2370,
          "isWebRefine": false,
          "languageCode": "en-GB",
          "lastModified": "0001-01-01T00:00:00"
        },
        {
          "name": "PRODUCTR LENGTH",
          "value": "Standard",
          "nameId": 916,
          "valueId": 2430,
          "isWebRefine": false,
          "languageCode": "en-GB",
          "lastModified": "0001-01-01T00:00:00"
        },
        {
          "name": "NECKLINE",
          "value": "Crew",
          "nameId": 941,
          "valueId": 2523,
          "isWebRefine": true,
          "languageCode": "en-GB",
          "lastModified": "0001-01-01T00:00:00"
        },
        {
          "name": "RETURNABLE",
          "value": "Yes",
          "nameId": 953,
          "valueId": 2625,
          "isWebRefine": false,
          "languageCode": "en-GB",
          "lastModified": "0001-01-01T00:00:00"
        },
        {
          "name": "VALUE/HIGH STREET/PREMIUM",
          "value": "High Street",
          "nameId": 954,
          "valueId": 2627,
          "isWebRefine": false,
          "languageCode": "en-GB",
          "lastModified": "0001-01-01T00:00:00"
        },
        {
          "name": "ORIGINAL SEASON",
          "value": "Autumn winter 11",
          "nameId": 955,
          "valueId": 2635,
          "isWebRefine": false,
          "languageCode": "en-GB",
          "lastModified": "0001-01-01T00:00:00"
        },
        {
          "name": "SELLING PERIOD",
          "value": "July-dec",
          "nameId": 944,
          "valueId": 2645,
          "isWebRefine": false,
          "languageCode": "en-GB",
          "lastModified": "0001-01-01T00:00:00"
        },
        {
          "name": "SAMPLE SIZE",
          "value": "Men's medium",
          "nameId": 956,
          "valueId": 2680,
          "isWebRefine": false,
          "languageCode": "en-GB",
          "lastModified": "0001-01-01T00:00:00"
        },
        {
          "name": "TREND (MEN'S)",
          "value": "Not Applicable",
          "nameId": 949,
          "valueId": 2753,
          "isWebRefine": false,
          "languageCode": "en-GB",
          "lastModified": "0001-01-01T00:00:00"
        },
        {
          "name": "TREND (WOMEN)",
          "value": "Not Applicable",
          "nameId": 950,
          "valueId": 2857,
          "isWebRefine": false,
          "languageCode": "en-GB",
          "lastModified": "0001-01-01T00:00:00"
        },
        {
          "name": "MALE MODELS",
          "value": "Cole",
          "nameId": 951,
          "valueId": 2990,
          "isWebRefine": false,
          "languageCode": "en-GB",
          "lastModified": "2011-06-10T06:36:46.617Z"
        },
        {
          "name": "FEMALE MODELS",
          "value": "Not Applicable",
          "nameId": 952,
          "valueId": 3187,
          "isWebRefine": false,
          "languageCode": "en-GB",
          "lastModified": "2011-06-10T06:38:14.51Z"
        },
        {
          "name": "CARE LABELS",
          "value": "Brands",
          "nameId": 943,
          "valueId": 3227,
          "isWebRefine": false,
          "languageCode": "en-GB",
          "lastModified": "0001-01-01T00:00:00"
        },
        {
          "name": "COTTON INITIATIVE",
          "value": "Not Applicable",
          "nameId": 921,
          "valueId": 3230,
          "isWebRefine": false,
          "languageCode": "en-GB",
          "lastModified": "0001-01-01T00:00:00"
        },
        {
          "name": "ECO EDIT",
          "value": "Not Applicable",
          "nameId": 928,
          "valueId": 3239,
          "isWebRefine": false,
          "languageCode": "en-GB",
          "lastModified": "0001-01-01T00:00:00"
        },
        {
          "name": "FIT",
          "value": "Not Applicable",
          "nameId": 934,
          "valueId": 3257,
          "isWebRefine": true,
          "languageCode": "en-GB",
          "lastModified": "0001-01-01T00:00:00"
        },
        {
          "name": "MAGAZINE",
          "value": "Not Applicable",
          "nameId": 960,
          "valueId": 3280,
          "isWebRefine": false,
          "languageCode": "en-GB",
          "lastModified": "0001-01-01T00:00:00"
        },
        {
          "name": "FLOW",
          "value": "No",
          "nameId": 966,
          "valueId": 3476,
          "isWebRefine": false,
          "languageCode": "en-GB",
          "lastModified": "0001-01-01T00:00:00"
        },
        {
          "name": "CARBON NEUTRAL",
          "value": "NO",
          "nameId": 971,
          "valueId": 3581,
          "isWebRefine": false,
          "languageCode": "en-GB",
          "lastModified": "0001-01-01T00:00:00"
        },
        {
          "name": "GOLD SEAL/BLIND GOLD SEAL",
          "value": "GOLD SEALED",
          "nameId": 974,
          "valueId": 3605,
          "isWebRefine": false,
          "languageCode": "en-GB",
          "lastModified": "0001-01-01T00:00:00"
        },
        {
          "name": "SALE BUY",
          "value": "No",
          "nameId": 982,
          "valueId": 3683,
          "isWebRefine": false,
          "languageCode": "en-GB",
          "lastModified": "0001-01-01T00:00:00"
        },
        {
          "name": "CTL - STYLING ITEM",
          "value": "NO",
          "nameId": 984,
          "valueId": 3701,
          "isWebRefine": false,
          "languageCode": "en-GB",
          "lastModified": "0001-01-01T00:00:00"
        },
        {
          "name": "PRODUCT CLASSIFICATION",
          "value": "Fashion",
          "nameId": 987,
          "valueId": 3780,
          "isWebRefine": false,
          "languageCode": "en-GB",
          "lastModified": "0001-01-01T00:00:00"
        },
        {
          "name": "SHIRT STYLE",
          "value": "Not Applicable",
          "nameId": 958,
          "valueId": 3983,
          "isWebRefine": true,
          "languageCode": "en-GB",
          "lastModified": "0001-01-01T00:00:00"
        },
        {
          "name": "COMMUNITY",
          "value": "No",
          "nameId": 1008,
          "valueId": 4204,
          "isWebRefine": false,
          "languageCode": "en-GB",
          "lastModified": "0001-01-01T00:00:00"
        },
        {
          "name": "STYLE DESTINATION",
          "value": "NOT CHINA",
          "nameId": 1010,
          "valueId": 4248,
          "isWebRefine": false,
          "languageCode": "en-GB",
          "lastModified": "0001-01-01T00:00:00"
        },
        {
          "name": "STYLE",
          "value": "Plain",
          "nameId": 989,
          "valueId": 4474,
          "isWebRefine": true,
          "languageCode": "en-GB",
          "lastModified": "0001-01-01T00:00:00"
        },
        {
          "name": "CO-ORDINATE",
          "value": "Not Applicable",
          "nameId": 1016,
          "valueId": 5150,
          "isWebRefine": false,
          "languageCode": "en-GB",
          "lastModified": "0001-01-01T00:00:00"
        },
        {
          "name": "SUB CATEGORIES",
          "value": "Fancy Plains",
          "nameId": 993,
          "valueId": 5623,
          "isWebRefine": false,
          "languageCode": "en-GB",
          "lastModified": "0001-01-01T00:00:00"
        },
        {
          "name": "DENIM RIP",
          "value": "Not Applicable",
          "nameId": 1025,
          "valueId": 6033,
          "isWebRefine": false,
          "languageCode": "en-GB",
          "lastModified": "0001-01-01T00:00:00"
        },
        {
          "name": "PRODUCT FIT",
          "value": "Standard",
          "nameId": 1029,
          "valueId": 6532,
          "isWebRefine": false,
          "languageCode": "en-GB",
          "lastModified": "0001-01-01T00:00:00"
        }
      ],
      "brandSizes": [
        {
          "name": "L",
          "schema": "UK",
          "text": "Chest 101-106cm",
          "sortOrder": 80
        },
        {
          "name": "L",
          "schema": "US",
          "text": "Chest 101-106cm",
          "sortOrder": 80
        },
        {
          "name": "L",
          "schema": "AU",
          "text": "Chest 101-106cm",
          "sortOrder": 80
        },
        {
          "name": "L",
          "schema": "UK",
          "text": "W86cm",
          "sortOrder": 80
        },
        {
          "name": "L",
          "schema": "US",
          "text": "W86cm",
          "sortOrder": 80
        },
        {
          "name": "L",
          "schema": "AU",
          "text": "W86cm",
          "sortOrder": 80
        }
      ],
      "refinementSizes": [
        {
          "id": 1943,
          "name": "L",
          "schema": "UK",
          "sortOrder": 161
        },
        {
          "id": 1943,
          "name": "L",
          "schema": "US",
          "sortOrder": 161
        },
        {
          "id": 1943,
          "name": "L",
          "schema": "AU",
          "sortOrder": 161
        }
      ],
      "isInStock": true,
      "isLowInStock": true,
      "price": {
        "currency": "GBP",
        "current": {
          "value": 15.0,
          "text": "£15.00"
        },
        "previous": {
          "value": 50.0,
          "text": "£50.00"
        },
        "rrp": {
          "value": 0.0,
          "text": "£0.00"
        },
        "isMarkedDown": true,
        "isOutletPrice": false
      },
      "weight": 95.0,
      "isPrimary": false,
      "navigateUrl": "/unconditional/unconditional-recycled-cotton-basic-t-shirt/prd/1340108",
      "isAvailable": true
    },
    {
      "id": 1340109,
      "colourCode": "BL1",
      "sku": "YBVAN1340109",
      "colour": "Blue",
      "attributes": [
        {
          "name": "PRODUCT TYPE",
          "value": "T-Shirts",
          "nameId": 900,
          "valueId": 1600,
          "isWebRefine": true,
          "languageCode": "en-GB",
          "lastModified": "0001-01-01T00:00:00"
        },
        {
          "name": "PATTERN",
          "value": "Plain",
          "nameId": 925,
          "valueId": 2370,
          "isWebRefine": false,
          "languageCode": "en-GB",
          "lastModified": "0001-01-01T00:00:00"
        },
        {
          "name": "PRODUCTR LENGTH",
          "value": "Standard",
          "nameId": 916,
          "valueId": 2430,
          "isWebRefine": false,
          "languageCode": "en-GB",
          "lastModified": "0001-01-01T00:00:00"
        },
        {
          "name": "NECKLINE",
          "value": "Crew",
          "nameId": 941,
          "valueId": 2523,
          "isWebRefine": true,
          "languageCode": "en-GB",
          "lastModified": "0001-01-01T00:00:00"
        },
        {
          "name": "RETURNABLE",
          "value": "Yes",
          "nameId": 953,
          "valueId": 2625,
          "isWebRefine": false,
          "languageCode": "en-GB",
          "lastModified": "0001-01-01T00:00:00"
        },
        {
          "name": "VALUE/HIGH STREET/PREMIUM",
          "value": "High Street",
          "nameId": 954,
          "valueId": 2627,
          "isWebRefine": false,
          "languageCode": "en-GB",
          "lastModified": "0001-01-01T00:00:00"
        },
        {
          "name": "ORIGINAL SEASON",
          "value": "Autumn winter 11",
          "nameId": 955,
          "valueId": 2635,
          "isWebRefine": false,
          "languageCode": "en-GB",
          "lastModified": "0001-01-01T00:00:00"
        },
        {
          "name": "SELLING PERIOD",
          "value": "July-dec",
          "nameId": 944,
          "valueId": 2645,
          "isWebRefine": false,
          "languageCode": "en-GB",
          "lastModified": "0001-01-01T00:00:00"
        },
        {
          "name": "SAMPLE SIZE",
          "value": "Men's medium",
          "nameId": 956,
          "valueId": 2680,
          "isWebRefine": false,
          "languageCode": "en-GB",
          "lastModified": "0001-01-01T00:00:00"
        },
        {
          "name": "TREND (MEN'S)",
          "value": "Not Applicable",
          "nameId": 949,
          "valueId": 2753,
          "isWebRefine": false,
          "languageCode": "en-GB",
          "lastModified": "0001-01-01T00:00:00"
        },
        {
          "name": "TREND (WOMEN)",
          "value": "Not Applicable",
          "nameId": 950,
          "valueId": 2857,
          "isWebRefine": false,
          "languageCode": "en-GB",
          "lastModified": "0001-01-01T00:00:00"
        },
        {
          "name": "MALE MODELS",
          "value": "Cole",
          "nameId": 951,
          "valueId": 2990,
          "isWebRefine": false,
          "languageCode": "en-GB",
          "lastModified": "2011-06-10T06:36:46.617Z"
        },
        {
          "name": "FEMALE MODELS",
          "value": "Not Applicable",
          "nameId": 952,
          "valueId": 3187,
          "isWebRefine": false,
          "languageCode": "en-GB",
          "lastModified": "2011-06-10T06:38:14.51Z"
        },
        {
          "name": "CARE LABELS",
          "value": "Brands",
          "nameId": 943,
          "valueId": 3227,
          "isWebRefine": false,
          "languageCode": "en-GB",
          "lastModified": "0001-01-01T00:00:00"
        },
        {
          "name": "COTTON INITIATIVE",
          "value": "Not Applicable",
          "nameId": 921,
          "valueId": 3230,
          "isWebRefine": false,
          "languageCode": "en-GB",
          "lastModified": "0001-01-01T00:00:00"
        },
        {
          "name": "ECO EDIT",
          "value": "Not Applicable",
          "nameId": 928,
          "valueId": 3239,
          "isWebRefine": false,
          "languageCode": "en-GB",
          "lastModified": "0001-01-01T00:00:00"
        },
        {
          "name": "FIT",
          "value": "Not Applicable",
          "nameId": 934,
          "valueId": 3257,
          "isWebRefine": true,
          "languageCode": "en-GB",
          "lastModified": "0001-01-01T00:00:00"
        },
        {
          "name": "MAGAZINE",
          "value": "Not Applicable",
          "nameId": 960,
          "valueId": 3280,
          "isWebRefine": false,
          "languageCode": "en-GB",
          "lastModified": "0001-01-01T00:00:00"
        },
        {
          "name": "FLOW",
          "value": "No",
          "nameId": 966,
          "valueId": 3476,
          "isWebRefine": false,
          "languageCode": "en-GB",
          "lastModified": "0001-01-01T00:00:00"
        },
        {
          "name": "CARBON NEUTRAL",
          "value": "NO",
          "nameId": 971,
          "valueId": 3581,
          "isWebRefine": false,
          "languageCode": "en-GB",
          "lastModified": "0001-01-01T00:00:00"
        },
        {
          "name": "GOLD SEAL/BLIND GOLD SEAL",
          "value": "GOLD SEALED",
          "nameId": 974,
          "valueId": 3605,
          "isWebRefine": false,
          "languageCode": "en-GB",
          "lastModified": "0001-01-01T00:00:00"
        },
        {
          "name": "SALE BUY",
          "value": "No",
          "nameId": 982,
          "valueId": 3683,
          "isWebRefine": false,
          "languageCode": "en-GB",
          "lastModified": "0001-01-01T00:00:00"
        },
        {
          "name": "CTL - STYLING ITEM",
          "value": "NO",
          "nameId": 984,
          "valueId": 3701,
          "isWebRefine": false,
          "languageCode": "en-GB",
          "lastModified": "0001-01-01T00:00:00"
        },
        {
          "name": "PRODUCT CLASSIFICATION",
          "value": "Fashion",
          "nameId": 987,
          "valueId": 3780,
          "isWebRefine": false,
          "languageCode": "en-GB",
          "lastModified": "0001-01-01T00:00:00"
        },
        {
          "name": "SHIRT STYLE",
          "value": "Not Applicable",
          "nameId": 958,
          "valueId": 3983,
          "isWebRefine": true,
          "languageCode": "en-GB",
          "lastModified": "0001-01-01T00:00:00"
        },
        {
          "name": "COMMUNITY",
          "value": "No",
          "nameId": 1008,
          "valueId": 4204,
          "isWebRefine": false,
          "languageCode": "en-GB",
          "lastModified": "0001-01-01T00:00:00"
        },
        {
          "name": "STYLE DESTINATION",
          "value": "NOT CHINA",
          "nameId": 1010,
          "valueId": 4248,
          "isWebRefine": false,
          "languageCode": "en-GB",
          "lastModified": "0001-01-01T00:00:00"
        },
        {
          "name": "STYLE",
          "value": "Plain",
          "nameId": 989,
          "valueId": 4474,
          "isWebRefine": true,
          "languageCode": "en-GB",
          "lastModified": "0001-01-01T00:00:00"
        },
        {
          "name": "CO-ORDINATE",
          "value": "Not Applicable",
          "nameId": 1016,
          "valueId": 5150,
          "isWebRefine": false,
          "languageCode": "en-GB",
          "lastModified": "0001-01-01T00:00:00"
        },
        {
          "name": "SUB CATEGORIES",
          "value": "Fancy Plains",
          "nameId": 993,
          "valueId": 5623,
          "isWebRefine": false,
          "languageCode": "en-GB",
          "lastModified": "0001-01-01T00:00:00"
        },
        {
          "name": "DENIM RIP",
          "value": "Not Applicable",
          "nameId": 1025,
          "valueId": 6033,
          "isWebRefine": false,
          "languageCode": "en-GB",
          "lastModified": "0001-01-01T00:00:00"
        },
        {
          "name": "PRODUCT FIT",
          "value": "Standard",
          "nameId": 1029,
          "valueId": 6532,
          "isWebRefine": false,
          "languageCode": "en-GB",
          "lastModified": "0001-01-01T00:00:00"
        }
      ],
      "brandSizes": [
        {
          "name": "XL",
          "schema": "UK",
          "text": "Chest 106-111cm",
          "sortOrder": 81
        },
        {
          "name": "XL",
          "schema": "US",
          "text": "Chest 106-111cm",
          "sortOrder": 81
        },
        {
          "name": "XL",
          "schema": "AU",
          "text": "Chest 106-111cm",
          "sortOrder": 81
        },
        {
          "name": "XL",
          "schema": "UK",
          "text": "W36in (91cm)",
          "sortOrder": 81
        },
        {
          "name": "XL",
          "schema": "US",
          "text": "W36in (91cm)",
          "sortOrder": 81
        },
        {
          "name": "XL",
          "schema": "AU",
          "text": "W36in (91cm)",
          "sortOrder": 81
        }
      ],
      "refinementSizes": [
        {
          "id": 1881,
          "name": "XL",
          "schema": "UK",
          "sortOrder": 162
        },
        {
          "id": 1881,
          "name": "XL",
          "schema": "US",
          "sortOrder": 162
        },
        {
          "id": 1881,
          "name": "XL",
          "schema": "AU",
          "sortOrder": 162
        }
      ],
      "isInStock": true,
      "isLowInStock": true,
      "price": {
        "currency": "GBP",
        "current": {
          "value": 15.0,
          "text": "£15.00"
        },
        "previous": {
          "value": 50.0,
          "text": "£50.00"
        },
        "rrp": {
          "value": 0.0,
          "text": "£0.00"
        },
        "isMarkedDown": true,
        "isOutletPrice": false
      },
      "weight": 95.0,
      "isPrimary": false,
      "navigateUrl": "/unconditional/unconditional-recycled-cotton-basic-t-shirt/prd/1340109",
      "isAvailable": true
    }
  ],
  "legacyMedia": {
    "images": [
      {
        "url": "http://images.asos-media.com/inv/media/4/0/1/0/1340104/sea/image1xxl.jpg",
        "size": "xxl",
        "colourCode": "",
        "colour": "",
        "isPrimary": true,
        "type": "Standard"
      },
      {
        "url": "http://images.asos-media.com/inv/media/4/0/1/0/1340104/sea/image1xl.jpg",
        "size": "xl",
        "colourCode": "",
        "colour": "",
        "isPrimary": true,
        "type": "Standard"
      },
      {
        "url": "http://images.asos-media.com/inv/media/4/0/1/0/1340104/sea/image1l.jpg",
        "size": "l",
        "colourCode": "",
        "colour": "",
        "isPrimary": true,
        "type": "Standard"
      },
      {
        "url": "http://images.asos-media.com/inv/media/4/0/1/0/1340104/sea/image1xl.jpg",
        "size": "s",
        "colourCode": "",
        "colour": "",
        "isPrimary": true,
        "type": "Standard"
      },
      {
        "url": "http://images.asos-media.com/inv/media/4/0/1/0/1340104/sea/image1xs.jpg",
        "size": "xs",
        "colourCode": "",
        "colour": "",
        "isPrimary": true,
        "type": "Standard"
      },
      {
        "url": "http://images.asos-media.com/inv/media/4/0/1/0/1340104/image2xxl.jpg",
        "size": "xxl",
        "colourCode": "",
        "colour": "",
        "isPrimary": false,
        "type": "Standard"
      },
      {
        "url": "http://images.asos-media.com/inv/media/4/0/1/0/1340104/image2xl.jpg",
        "size": "xl",
        "colourCode": "",
        "colour": "",
        "isPrimary": false,
        "type": "Standard"
      },
      {
        "url": "http://images.asos-media.com/inv/media/4/0/1/0/1340104/image2s.jpg",
        "size": "s",
        "colourCode": "",
        "colour": "",
        "isPrimary": false,
        "type": "Standard"
      },
      {
        "url": "http://images.asos-media.com/inv/media/4/0/1/0/1340104/image2xs.jpg",
        "size": "xs",
        "colourCode": "",
        "colour": "",
        "isPrimary": false,
        "type": "Standard"
      },
      {
        "url": "http://images.asos-media.com/inv/media/4/0/1/0/1340104/image3xxl.jpg",
        "size": "xxl",
        "colourCode": "",
        "colour": "",
        "isPrimary": false,
        "type": "Standard"
      },
      {
        "url": "http://images.asos-media.com/inv/media/4/0/1/0/1340104/image3xl.jpg",
        "size": "xl",
        "colourCode": "",
        "colour": "",
        "isPrimary": false,
        "type": "Standard"
      },
      {
        "url": "http://images.asos-media.com/inv/media/4/0/1/0/1340104/image3s.jpg",
        "size": "s",
        "colourCode": "",
        "colour": "",
        "isPrimary": false,
        "type": "Standard"
      },
      {
        "url": "http://images.asos-media.com/inv/media/4/0/1/0/1340104/image3xs.jpg",
        "size": "xs",
        "colourCode": "",
        "colour": "",
        "isPrimary": false,
        "type": "Standard"
      },
      {
        "url": "http://images.asos-media.com/inv/media/4/0/1/0/1340104/image4xxl.jpg",
        "size": "xxl",
        "colourCode": "",
        "colour": "",
        "isPrimary": false,
        "type": "Standard"
      },
      {
        "url": "http://images.asos-media.com/inv/media/4/0/1/0/1340104/image4xl.jpg",
        "size": "xl",
        "colourCode": "",
        "colour": "",
        "isPrimary": false,
        "type": "Standard"
      },
      {
        "url": "http://images.asos-media.com/inv/media/4/0/1/0/1340104/image4s.jpg",
        "size": "s",
        "colourCode": "",
        "colour": "",
        "isPrimary": false,
        "type": "Standard"
      },
      {
        "url": "http://images.asos-media.com/inv/media/4/0/1/0/1340104/image4xs.jpg",
        "size": "xs",
        "colourCode": "",
        "colour": "",
        "isPrimary": false,
        "type": "Standard"
      }
    ],
    "catwalk": [
      {
        "url": "http://video.asos.com/CatwalkShots/1340104-4-100924045401.flv",
        "colourCode": ""
      }
    ]
  },
  "media": {
    "images": [
      {
        "url": "s7testing-images.asos-media.com/products/unconditional-recycled-cotton-basic-t-shirt/1340104-2",
        "colourCode": "",
        "colour": "",
        "isPrimary": false,
        "type": "Standard2"
      },
      {
        "url": "s7testing-images.asos-media.com/products/unconditional-recycled-cotton-basic-t-shirt/1340104-3",
        "colourCode": "",
        "colour": "",
        "isPrimary": false,
        "type": "Standard3"
      },
      {
        "url": "s7testing-images.asos-media.com/products/unconditional-recycled-cotton-basic-t-shirt/1340104-4",
        "colourCode": "",
        "colour": "",
        "isPrimary": false,
        "type": "Standard4"
      }
    ],
    "catwalk": [
      {
        "url": "video.asos-media.com/products/unconditional-recycled-cotton-basic-t-shirt/1340104-catwalk-AVS",
        "colourCode": "BL1"
      }
    ],
    "spinSet": []
  },
  "webCategoryIds": [
    {
      "id": 5232
    },
    {
      "id": 24702
    }
  ],
  "navigateUrl": "/unconditional/unconditional-recycled-cotton-basic-t-shirt/prd/1340104",
  "statusId": 52000,
  "divisionId": 5,
  "isAvailable": true,
  "dateOnSite": "2011-08-03T14:23:33.17Z",
  "supplierRef": "TP17SS - SEA",
  "lastModified": "2016-10-13T12:46:11.3189507Z",
  "lastTranslationModified": "2016-02-28T19:34:30.977Z",
  "price": {
    "currency": "GBP",
    "current": {
      "value": 15.0,
      "text": "£15.00"
    },
    "previous": {
      "value": 50.0,
      "text": "£50.00"
    },
    "rrp": {
      "value": 0.0,
      "text": "£0.00"
    },
    "isMarkedDown": true,
    "isOutletPrice": false
  }
}