{
  "id": 1070013,
  "language": "en-GB",
  "name": "Korres Wild Rose 24 Hour Moisturising Cream For Normal/Dry Skin With SPF 6 40ml",
  "description": "<a href=\"/Women/Beauty/Skin-Care/Moisturisers/Cat/pgecategory.aspx?cid=18623\"><strong>Moisturiser</strong></a> by  <a href=\"/Beauty/A-To-Z-Of-Brands/Korres/Cat/pgecategory.aspx?cid=1470\"><strong> Korres</strong></a><ul>    <li>Nourishing rich formula</li>    <li>Enriched with wild rose oil and vitamin C</li>    <li>Designed to minimise the appearance of fine lines</li>    <li>Fades skin discolouration</li>    <li>Titanium dioxide acts as a natural sunscreen</li>    <li>For long-lasting moisture</li>    <li>For normal to dry skin</li>    <li>Product measurements: 40ml</li></ul>",
  "fabricConstruction": "Non Clothing",
  "additionalInfo": "Product measurements: 40ml",
  "brand": {
    "name": "Korres",
    "description": "Since their origins, organic brand <a href=\"/Beauty/A-To-Z-Of-Brands/Korres/Cat/pgecategory.aspx?cid=1470\"><strong> Korres</strong></a> have always been a kind bunch, using only skin- and environmentally-friendly ingredients. Thanks to their pharmacy roots, all their essential fruit oils and herbal infusions are locally sourced and kept free of any nasty synthetics. The result is a range of all natural skincare, bodycare and suncare that smells as good as it is.",
    "brandId": 385
  },
  "careInfo": "&nbsp;<br>",
  "productCode": "XAGDC1070013",
  "category": "Skincare",
  "categoryId": 729,
  "department": "Beauty WB",
  "departmentId": 28,
  "division": "Womenswear",
  "isReturnable": true,
  "store": "COM",
  "isInStock": true,
  "variants": [
    {
      "id": 1070014,
      "colourCode": "NC1",
      "sku": "XAGDC1070014",
      "colour": "Wild rose",
      "attributes": [
        {
          "name": "RETURNABLE",
          "value": "Yes",
          "nameId": 953,
          "valueId": 2625,
          "isWebRefine": false,
          "languageCode": "en-GB",
          "lastModified": "0001-01-01T00:00:00"
        },
        {
          "name": "VALUE/HIGH STREET/PREMIUM",
          "value": "High Street",
          "nameId": 954,
          "valueId": 2627,
          "isWebRefine": false,
          "languageCode": "en-GB",
          "lastModified": "0001-01-01T00:00:00"
        },
        {
          "name": "ORIGINAL SEASON",
          "value": "Autumn winter 11",
          "nameId": 955,
          "valueId": 2635,
          "isWebRefine": false,
          "languageCode": "en-GB",
          "lastModified": "0001-01-01T00:00:00"
        },
        {
          "name": "SELLING PERIOD",
          "value": "Flow",
          "nameId": 944,
          "valueId": 2658,
          "isWebRefine": false,
          "languageCode": "en-GB",
          "lastModified": "0001-01-01T00:00:00"
        },
        {
          "name": "SAMPLE SIZE",
          "value": "Not Applicable",
          "nameId": 956,
          "valueId": 2690,
          "isWebRefine": false,
          "languageCode": "en-GB",
          "lastModified": "0001-01-01T00:00:00"
        },
        {
          "name": "TREND (MEN'S)",
          "value": "Not Applicable",
          "nameId": 949,
          "valueId": 2753,
          "isWebRefine": false,
          "languageCode": "en-GB",
          "lastModified": "0001-01-01T00:00:00"
        },
        {
          "name": "TREND (WOMEN)",
          "value": "Not Applicable",
          "nameId": 950,
          "valueId": 2857,
          "isWebRefine": false,
          "languageCode": "en-GB",
          "lastModified": "0001-01-01T00:00:00"
        },
        {
          "name": "MALE MODELS",
          "value": "Not Applicable",
          "nameId": 951,
          "valueId": 2996,
          "isWebRefine": false,
          "languageCode": "en-GB",
          "lastModified": "2011-06-10T06:36:46.643Z"
        },
        {
          "name": "FEMALE MODELS",
          "value": "Not Applicable",
          "nameId": 952,
          "valueId": 3187,
          "isWebRefine": false,
          "languageCode": "en-GB",
          "lastModified": "2011-06-10T06:38:14.51Z"
        },
        {
          "name": "CARE LABELS",
          "value": "Brands",
          "nameId": 943,
          "valueId": 3227,
          "isWebRefine": false,
          "languageCode": "en-GB",
          "lastModified": "0001-01-01T00:00:00"
        },
        {
          "name": "COTTON INITIATIVE",
          "value": "Not Applicable",
          "nameId": 921,
          "valueId": 3230,
          "isWebRefine": false,
          "languageCode": "en-GB",
          "lastModified": "0001-01-01T00:00:00"
        },
        {
          "name": "EXCLUSIVE",
          "value": "No",
          "nameId": 965,
          "valueId": 3438,
          "isWebRefine": false,
          "languageCode": "en-GB",
          "lastModified": "0001-01-01T00:00:00"
        },
        {
          "name": "FLOW",
          "value": "No",
          "nameId": 966,
          "valueId": 3476,
          "isWebRefine": false,
          "languageCode": "en-GB",
          "lastModified": "0001-01-01T00:00:00"
        },
        {
          "name": "ELECTRICAL EQUIPMENT",
          "value": "Not Applicable",
          "nameId": 967,
          "valueId": 3530,
          "isWebRefine": false,
          "languageCode": "en-GB",
          "lastModified": "0001-01-01T00:00:00"
        },
        {
          "name": "CARBON NEUTRAL",
          "value": "NO",
          "nameId": 971,
          "valueId": 3581,
          "isWebRefine": false,
          "languageCode": "en-GB",
          "lastModified": "0001-01-01T00:00:00"
        },
        {
          "name": "GOLD SEAL/BLIND GOLD SEAL",
          "value": "GOLD SEALED",
          "nameId": 974,
          "valueId": 3605,
          "isWebRefine": false,
          "languageCode": "en-GB",
          "lastModified": "0001-01-01T00:00:00"
        },
        {
          "name": "GIFTING",
          "value": "No",
          "nameId": 978,
          "valueId": 3631,
          "isWebRefine": false,
          "languageCode": "en-GB",
          "lastModified": "0001-01-01T00:00:00"
        },
        {
          "name": "CTL - STYLING ITEM",
          "value": "NO",
          "nameId": 984,
          "valueId": 3701,
          "isWebRefine": false,
          "languageCode": "en-GB",
          "lastModified": "0001-01-01T00:00:00"
        },
        {
          "name": "MAGAZINE",
          "value": "December 2013",
          "nameId": 960,
          "valueId": 3953,
          "isWebRefine": false,
          "languageCode": "en-GB",
          "lastModified": "0001-01-01T00:00:00"
        },
        {
          "name": "PRODUCT TYPE",
          "value": "Beauty",
          "nameId": 900,
          "valueId": 4029,
          "isWebRefine": true,
          "languageCode": "en-GB",
          "lastModified": "0001-01-01T00:00:00"
        },
        {
          "name": "COMMUNITY",
          "value": "No",
          "nameId": 1008,
          "valueId": 4204,
          "isWebRefine": false,
          "languageCode": "en-GB",
          "lastModified": "0001-01-01T00:00:00"
        },
        {
          "name": "STYLE DESTINATION",
          "value": "NOT CHINA",
          "nameId": 1010,
          "valueId": 4248,
          "isWebRefine": false,
          "languageCode": "en-GB",
          "lastModified": "0001-01-01T00:00:00"
        },
        {
          "name": "STYLE",
          "value": "Moisturisers",
          "nameId": 989,
          "valueId": 5126,
          "isWebRefine": true,
          "languageCode": "en-GB",
          "lastModified": "0001-01-01T00:00:00"
        },
        {
          "name": "ECO EDIT",
          "value": "Eco Edit",
          "nameId": 928,
          "valueId": 7095,
          "isWebRefine": false,
          "languageCode": "en-GB",
          "lastModified": "0001-01-01T00:00:00"
        }
      ],
      "brandSizes": [
        {
          "name": "One Size",
          "schema": "UK",
          "text": "",
          "sortOrder": 2
        },
        {
          "name": "One Size",
          "schema": "US",
          "text": "",
          "sortOrder": 2
        },
        {
          "name": "One Size",
          "schema": "AU",
          "text": "",
          "sortOrder": 2
        },
        {
          "name": "One Size",
          "schema": "UK",
          "text": "One Size",
          "sortOrder": 2
        },
        {
          "name": "One Size",
          "schema": "US",
          "text": "One Size",
          "sortOrder": 2
        },
        {
          "name": "One Size",
          "schema": "AU",
          "text": "One Size",
          "sortOrder": 2
        }
      ],
      "refinementSizes": [
        {
          "id": 1917,
          "name": "One Size",
          "schema": "UK",
          "sortOrder": 170
        },
        {
          "id": 1917,
          "name": "One Size",
          "schema": "US",
          "sortOrder": 170
        },
        {
          "id": 1917,
          "name": "One Size",
          "schema": "AU",
          "sortOrder": 170
        }
      ],
      "isInStock": true,
      "isLowInStock": false,
      "price": {
        "currency": "GBP",
        "current": {
          "value": 20.0,
          "text": "£20.00"
        },
        "previous": {
          "value": 20.0,
          "text": "£20.00"
        },
        "rrp": {
          "value": 0.0,
          "text": "£0.00"
        },
        "isMarkedDown": false,
        "isOutletPrice": false
      },
      "weight": 177.0,
      "isPrimary": true,
      "navigateUrl": "/korres/korres-wild-rose-24-hour-moisturising-cream-for-normal-dry-skin-with-spf-6-40ml/prd/1070014",
      "isAvailable": true
    }
  ],
  "legacyMedia": {
    "images": [
      {
        "url": "http://images.asos-media.com/inv/media/3/1/0/0/1070013/wildrose/image1xs.jpg",
        "size": "xs",
        "colourCode": "NC1",
        "colour": "Wild rose",
        "isPrimary": true,
        "type": "Standard"
      },
      {
        "url": "http://images.asos-media.com/inv/media/3/1/0/0/1070013/wildrose/image1xl.jpg",
        "size": "s",
        "colourCode": "NC1",
        "colour": "Wild rose",
        "isPrimary": true,
        "type": "Standard"
      },
      {
        "url": "http://images.asos-media.com/inv/media/3/1/0/0/1070013/wildrose/image1l.jpg",
        "size": "l",
        "colourCode": "NC1",
        "colour": "Wild rose",
        "isPrimary": true,
        "type": "Standard"
      },
      {
        "url": "http://images.asos-media.com/inv/media/3/1/0/0/1070013/wildrose/image1xl.jpg",
        "size": "xl",
        "colourCode": "NC1",
        "colour": "Wild rose",
        "isPrimary": true,
        "type": "Standard"
      },
      {
        "url": "http://images.asos-media.com/inv/media/3/1/0/0/1070013/wildrose/image1xxl.jpg",
        "size": "xxl",
        "colourCode": "NC1",
        "colour": "Wild rose",
        "isPrimary": true,
        "type": "Standard"
      },
      {
        "url": "http://images.asos-media.com/inv/media/3/1/0/0/1070013/image2s.jpg",
        "size": "s",
        "colourCode": "",
        "colour": "",
        "isPrimary": false,
        "type": "Standard"
      },
      {
        "url": "http://images.asos-media.com/inv/media/3/1/0/0/1070013/image2xl.jpg",
        "size": "xl",
        "colourCode": "",
        "colour": "",
        "isPrimary": false,
        "type": "Standard"
      },
      {
        "url": "http://images.asos-media.com/inv/media/3/1/0/0/1070013/image2xxl.jpg",
        "size": "xxl",
        "colourCode": "",
        "colour": "",
        "isPrimary": false,
        "type": "Standard"
      }
    ]
  },
  "media": {
    "images": [
      {
        "url": "s7testing-images.asos-media.com/products/korres-wild-rose-24-hour-moisturising-cream-for-normal-dry-skin-with-spf-6-40ml/1070013-1-wildrose",
        "colourCode": "NC1",
        "colour": "Wild rose",
        "isPrimary": true,
        "type": "Standard1"
      },
      {
        "url": "s7testing-images.asos-media.com/products/korres-wild-rose-24-hour-moisturising-cream-for-normal-dry-skin-with-spf-6-40ml/1070013-2",
        "colourCode": "",
        "colour": "",
        "isPrimary": false,
        "type": "Standard2"
      }
    ],
    "catwalk": [],
    "spinSet": []
  },
  "webCategoryIds": [
    {
      "id": 1314
    },
    {
      "id": 4540
    },
    {
      "id": 4896
    },
    {
      "id": 11687
    },
    {
      "id": 17557
    },
    {
      "id": 18623
    },
    {
      "id": 23359
    }
  ],
  "navigateUrl": "/korres/korres-wild-rose-24-hour-moisturising-cream-for-normal-dry-skin-with-spf-6-40ml/prd/1070013",
  "statusId": 50000,
  "divisionId": 7,
  "isAvailable": true,
  "dateOnSite": "2016-08-02T22:34:57Z",
  "supplierRef": "0100096",
  "lastModified": "2016-10-16T21:02:54.2811747Z",
  "lastTranslationModified": "2016-09-16T09:26:17.767Z",
  "price": {
    "currency": "GBP",
    "current": {
      "value": 20.0,
      "text": "£20.00"
    },
    "previous": {
      "value": 0.0,
      "text": "£0.00"
    },
    "rrp": {
      "value": 0.0,
      "text": "£0.00"
    },
    "isMarkedDown": false,
    "isOutletPrice": false
  }
}