{
  "id": 649224,
  "language": "en-GB",
  "name": "Anatomicals Help The Paw Hand Cream 100ml",
  "description": "<ul><li>Vitamin rich hand cream by Anatomicals</li><li>Nourishing, rich formula for smooth, soft skin</li><li>Contains sweet almond oil and shea butter</li></ul>",
  "fabricConstruction": "Non Clothing",
  "materials": "NULL",
  "brand": {
    "name": "Anatomicals",
    "brandId": 30
  },
  "productCode": "TBBAA649224",
  "category": "Body",
  "categoryId": 177,
  "department": "Beauty WB",
  "departmentId": 28,
  "division": "Womenswear",
  "isReturnable": true,
  "store": "COM",
  "isInStock": true,
  "variants": [
    {
      "id": 649225,
      "colourCode": "NC1",
      "sku": "TBBAA649225",
      "colour": "Help the paw",
      "attributes": [
        {
          "name": "PATTERN",
          "value": "Not Applicable",
          "nameId": 925,
          "valueId": 2350,
          "isWebRefine": false,
          "languageCode": "en-GB",
          "lastModified": "0001-01-01T00:00:00"
        },
        {
          "name": "RETURNABLE",
          "value": "Yes",
          "nameId": 953,
          "valueId": 2625,
          "isWebRefine": false,
          "languageCode": "en-GB",
          "lastModified": "0001-01-01T00:00:00"
        },
        {
          "name": "VALUE/HIGH STREET/PREMIUM",
          "value": "Value",
          "nameId": 954,
          "valueId": 2628,
          "isWebRefine": false,
          "languageCode": "en-GB",
          "lastModified": "0001-01-01T00:00:00"
        },
        {
          "name": "ORIGINAL SEASON",
          "value": "Autumn winter 11",
          "nameId": 955,
          "valueId": 2635,
          "isWebRefine": false,
          "languageCode": "en-GB",
          "lastModified": "0001-01-01T00:00:00"
        },
        {
          "name": "SELLING PERIOD",
          "value": "Flow",
          "nameId": 944,
          "valueId": 2658,
          "isWebRefine": false,
          "languageCode": "en-GB",
          "lastModified": "0001-01-01T00:00:00"
        },
        {
          "name": "SAMPLE SIZE",
          "value": "Not Applicable",
          "nameId": 956,
          "valueId": 2690,
          "isWebRefine": false,
          "languageCode": "en-GB",
          "lastModified": "0001-01-01T00:00:00"
        },
        {
          "name": "TREND (MEN'S)",
          "value": "Not Applicable",
          "nameId": 949,
          "valueId": 2753,
          "isWebRefine": false,
          "languageCode": "en-GB",
          "lastModified": "0001-01-01T00:00:00"
        },
        {
          "name": "TREND (WOMEN)",
          "value": "Not Applicable",
          "nameId": 950,
          "valueId": 2857,
          "isWebRefine": false,
          "languageCode": "en-GB",
          "lastModified": "0001-01-01T00:00:00"
        },
        {
          "name": "MALE MODELS",
          "value": "Not Applicable",
          "nameId": 951,
          "valueId": 2996,
          "isWebRefine": false,
          "languageCode": "en-GB",
          "lastModified": "2011-06-10T06:36:46.643Z"
        },
        {
          "name": "FEMALE MODELS",
          "value": "Not Applicable",
          "nameId": 952,
          "valueId": 3187,
          "isWebRefine": false,
          "languageCode": "en-GB",
          "lastModified": "2011-06-10T06:38:14.51Z"
        },
        {
          "name": "CARE LABELS",
          "value": "Brands",
          "nameId": 943,
          "valueId": 3227,
          "isWebRefine": false,
          "languageCode": "en-GB",
          "lastModified": "0001-01-01T00:00:00"
        },
        {
          "name": "COTTON INITIATIVE",
          "value": "Not Applicable",
          "nameId": 921,
          "valueId": 3230,
          "isWebRefine": false,
          "languageCode": "en-GB",
          "lastModified": "0001-01-01T00:00:00"
        },
        {
          "name": "ECO EDIT",
          "value": "Not Applicable",
          "nameId": 928,
          "valueId": 3239,
          "isWebRefine": false,
          "languageCode": "en-GB",
          "lastModified": "0001-01-01T00:00:00"
        },
        {
          "name": "MAGAZINE",
          "value": "Not Applicable",
          "nameId": 960,
          "valueId": 3280,
          "isWebRefine": false,
          "languageCode": "en-GB",
          "lastModified": "0001-01-01T00:00:00"
        },
        {
          "name": "EXCLUSIVE",
          "value": "No",
          "nameId": 965,
          "valueId": 3438,
          "isWebRefine": false,
          "languageCode": "en-GB",
          "lastModified": "0001-01-01T00:00:00"
        },
        {
          "name": "FLOW",
          "value": "No",
          "nameId": 966,
          "valueId": 3476,
          "isWebRefine": false,
          "languageCode": "en-GB",
          "lastModified": "0001-01-01T00:00:00"
        },
        {
          "name": "ELECTRICAL EQUIPMENT",
          "value": "Not Applicable",
          "nameId": 967,
          "valueId": 3530,
          "isWebRefine": false,
          "languageCode": "en-GB",
          "lastModified": "0001-01-01T00:00:00"
        },
        {
          "name": "CARBON NEUTRAL",
          "value": "NO",
          "nameId": 971,
          "valueId": 3581,
          "isWebRefine": false,
          "languageCode": "en-GB",
          "lastModified": "0001-01-01T00:00:00"
        },
        {
          "name": "GOLD SEAL/BLIND GOLD SEAL",
          "value": "GOLD SEALED",
          "nameId": 974,
          "valueId": 3605,
          "isWebRefine": false,
          "languageCode": "en-GB",
          "lastModified": "0001-01-01T00:00:00"
        },
        {
          "name": "GIFTING",
          "value": "No",
          "nameId": 978,
          "valueId": 3631,
          "isWebRefine": false,
          "languageCode": "en-GB",
          "lastModified": "0001-01-01T00:00:00"
        },
        {
          "name": "CTL - STYLING ITEM",
          "value": "NO",
          "nameId": 984,
          "valueId": 3701,
          "isWebRefine": false,
          "languageCode": "en-GB",
          "lastModified": "0001-01-01T00:00:00"
        },
        {
          "name": "PRODUCT TYPE",
          "value": "Beauty",
          "nameId": 900,
          "valueId": 4029,
          "isWebRefine": true,
          "languageCode": "en-GB",
          "lastModified": "0001-01-01T00:00:00"
        },
        {
          "name": "GIFTS",
          "value": "Not Applicable",
          "nameId": 1005,
          "valueId": 4189,
          "isWebRefine": true,
          "languageCode": "en-GB",
          "lastModified": "0001-01-01T00:00:00"
        },
        {
          "name": "COMMUNITY",
          "value": "No",
          "nameId": 1008,
          "valueId": 4204,
          "isWebRefine": false,
          "languageCode": "en-GB",
          "lastModified": "0001-01-01T00:00:00"
        },
        {
          "name": "STYLE DESTINATION",
          "value": "NOT CHINA",
          "nameId": 1010,
          "valueId": 4248,
          "isWebRefine": false,
          "languageCode": "en-GB",
          "lastModified": "0001-01-01T00:00:00"
        },
        {
          "name": "STYLE",
          "value": "Hands & Feet",
          "nameId": 989,
          "valueId": 5110,
          "isWebRefine": true,
          "languageCode": "en-GB",
          "lastModified": "0001-01-01T00:00:00"
        },
        {
          "name": "SEASONAL EVENT",
          "value": "Not Applicable",
          "nameId": 1020,
          "valueId": 5994,
          "isWebRefine": false,
          "languageCode": "en-GB",
          "lastModified": "0001-01-01T00:00:00"
        },
        {
          "name": "BACK TO SCHOOL",
          "value": "Not Applicable",
          "nameId": 1021,
          "valueId": 5995,
          "isWebRefine": false,
          "languageCode": "en-GB",
          "lastModified": "0001-01-01T00:00:00"
        },
        {
          "name": "FESTIVAL",
          "value": "Not Applicable",
          "nameId": 1022,
          "valueId": 5999,
          "isWebRefine": false,
          "languageCode": "en-GB",
          "lastModified": "0001-01-01T00:00:00"
        },
        {
          "name": "OCCASION & GOING OUT",
          "value": "Not Applicable",
          "nameId": 1024,
          "valueId": 6022,
          "isWebRefine": false,
          "languageCode": "en-GB",
          "lastModified": "0001-01-01T00:00:00"
        }
      ],
      "brandSizes": [
        {
          "name": "One Size",
          "schema": "UK",
          "text": "",
          "sortOrder": 2
        },
        {
          "name": "One Size",
          "schema": "US",
          "text": "",
          "sortOrder": 2
        },
        {
          "name": "One Size",
          "schema": "AU",
          "text": "",
          "sortOrder": 2
        }
      ],
      "refinementSizes": [
        {
          "id": 1917,
          "name": "One Size",
          "schema": "UK",
          "sortOrder": 170
        },
        {
          "id": 1917,
          "name": "One Size",
          "schema": "US",
          "sortOrder": 170
        },
        {
          "id": 1917,
          "name": "One Size",
          "schema": "AU",
          "sortOrder": 170
        }
      ],
      "isInStock": true,
      "isLowInStock": false,
      "price": {
        "currency": "GBP",
        "current": {
          "value": 3.0,
          "text": "£3.00"
        },
        "previous": {
          "value": 3.0,
          "text": "£3.00"
        },
        "rrp": {
          "value": 0.0,
          "text": "£0.00"
        },
        "isMarkedDown": false,
        "isOutletPrice": false
      },
      "weight": 103.0,
      "isPrimary": true,
      "navigateUrl": "/anatomicals/anatomicals-help-the-paw-hand-cream-100ml/prd/649225",
      "isAvailable": true
    }
  ],
  "legacyMedia": {
    "images": [
      {
        "url": "http://images.asos-media.com/inv/media/4/2/2/9/649224/helpthepaw/image1xs.jpg",
        "size": "xs",
        "colourCode": "NC1",
        "colour": "Help the paw",
        "isPrimary": true,
        "type": "Standard"
      },
      {
        "url": "http://images.asos-media.com/inv/media/4/2/2/9/649224/helpthepaw/image1xl.jpg",
        "size": "s",
        "colourCode": "NC1",
        "colour": "Help the paw",
        "isPrimary": true,
        "type": "Standard"
      },
      {
        "url": "http://images.asos-media.com/inv/media/4/2/2/9/649224/helpthepaw/image1l.jpg",
        "size": "l",
        "colourCode": "NC1",
        "colour": "Help the paw",
        "isPrimary": true,
        "type": "Standard"
      },
      {
        "url": "http://images.asos-media.com/inv/media/4/2/2/9/649224/helpthepaw/image1xl.jpg",
        "size": "xl",
        "colourCode": "NC1",
        "colour": "Help the paw",
        "isPrimary": true,
        "type": "Standard"
      },
      {
        "url": "http://images.asos-media.com/inv/media/4/2/2/9/649224/helpthepaw/image1xxl.jpg",
        "size": "xxl",
        "colourCode": "NC1",
        "colour": "Help the paw",
        "isPrimary": true,
        "type": "Standard"
      }
    ]
  },
  "media": {
    "images": [
      {
        "url": "s7testing-images.asos-media.com/products/anatomicals-help-the-paw-hand-cream-100ml/649224-1-helpthepaw",
        "colourCode": "NC1",
        "colour": "Help the paw",
        "isPrimary": true,
        "type": "Standard1"
      }
    ],
    "catwalk": [],
    "spinSet": []
  },
  "webCategoryIds": [
    {
      "id": 1314
    },
    {
      "id": 4896
    },
    {
      "id": 13040
    },
    {
      "id": 18617
    },
    {
      "id": 18618
    },
    {
      "id": 22108
    }
  ],
  "navigateUrl": "/anatomicals/anatomicals-help-the-paw-hand-cream-100ml/prd/649224",
  "statusId": 50000,
  "divisionId": 7,
  "isAvailable": true,
  "dateOnSite": "2016-08-02T22:36:13Z",
  "lastModified": "2016-10-16T10:32:47.8932552Z",
  "lastTranslationModified": "2016-02-09T12:04:37.66Z",
  "associatedProductGroups": [
    {
      "id": 649224,
      "type": "CTL"
    }
  ],
  "price": {
    "currency": "GBP",
    "current": {
      "value": 3.0,
      "text": "£3.00"
    },
    "previous": {
      "value": 0.0,
      "text": "£0.00"
    },
    "rrp": {
      "value": 0.0,
      "text": "£0.00"
    },
    "isMarkedDown": false,
    "isOutletPrice": false
  }
}