{
  "id": 950674,
  "language": "en-GB",
  "name": "ASOS STARGAZER Leather Cutout Shoes",
  "description": "<ul><li>Classic patent leather shoes</li><li>Cutout design with double buckle</li><li>Contrast trim, platform, peep toe</li></ul>",
  "fabricConstruction": "Non Clothing",
  "materials": "Upper: leather  Lining & sock: other materials  Sole: other materials    Heel height: 12cm (4.12inches)    Platform height: 4cm (1.9inches)",
  "additionalInfo": "Upper: leather\r\nLining & sock: other materials\r\nSole: other materials\r\n\r\nHeel height: 12cm (4.12inches)\r\n\r\nPlatform height: 4cm (1.9inches)",
  "brand": {
    "name": "ASOS",
    "brandId": 53
  },
  "careInfo": "Wipe clean with a damp cloth",
  "productCode": "ZWFAA950674",
  "category": "Going Out High Shoes",
  "categoryId": 699,
  "department": "Footwear WO",
  "departmentId": 55,
  "division": "Womenswear",
  "isReturnable": true,
  "store": "COM",
  "isInStock": true,
  "variants": [
    {
      "id": 950675,
      "colourCode": "GR1",
      "sku": "ZWFAA950675",
      "colour": "Turquoise",
      "attributes": [
        {
          "name": "PRODUCT TYPE",
          "value": "Shoes",
          "nameId": 900,
          "valueId": 1562,
          "isWebRefine": true,
          "languageCode": "en-GB",
          "lastModified": "0001-01-01T00:00:00"
        },
        {
          "name": "LEATHER/NON LEATHER",
          "value": "Leather",
          "nameId": 911,
          "valueId": 2244,
          "isWebRefine": true,
          "languageCode": "en-GB",
          "lastModified": "0001-01-01T00:00:00"
        },
        {
          "name": "HEEL HEIGHT",
          "value": "High",
          "nameId": 929,
          "valueId": 2312,
          "isWebRefine": true,
          "languageCode": "en-GB",
          "lastModified": "0001-01-01T00:00:00"
        },
        {
          "name": "RETURNABLE",
          "value": "Yes",
          "nameId": 953,
          "valueId": 2625,
          "isWebRefine": false,
          "languageCode": "en-GB",
          "lastModified": "0001-01-01T00:00:00"
        },
        {
          "name": "SELLING PERIOD",
          "value": "Jan-mar",
          "nameId": 944,
          "valueId": 2651,
          "isWebRefine": false,
          "languageCode": "en-GB",
          "lastModified": "0001-01-01T00:00:00"
        },
        {
          "name": "TREND (WOMEN)",
          "value": "Veroushka",
          "nameId": 950,
          "valueId": 2909,
          "isWebRefine": false,
          "languageCode": "en-GB",
          "lastModified": "0001-01-01T00:00:00"
        },
        {
          "name": "SHOP BY FIT",
          "value": "Main Collection",
          "nameId": 1027,
          "valueId": 6764,
          "isWebRefine": true,
          "languageCode": "en-GB",
          "lastModified": "0001-01-01T00:00:00"
        }
      ],
      "brandSizes": [
        {
          "name": "UK 3",
          "schema": "UK",
          "text": "",
          "sortOrder": 3
        },
        {
          "name": "US 5",
          "schema": "US",
          "text": "",
          "sortOrder": 3
        },
        {
          "name": "EU 36",
          "schema": "AU",
          "text": "",
          "sortOrder": 3
        }
      ],
      "refinementSizes": [
        {
          "id": 1853,
          "name": "(UK 3)",
          "schema": "UK",
          "sortOrder": 94
        },
        {
          "id": 1853,
          "name": "US 5",
          "schema": "US",
          "sortOrder": 94
        },
        {
          "id": 1853,
          "name": "AU 5",
          "schema": "AU",
          "sortOrder": 94
        }
      ],
      "isInStock": false,
      "isLowInStock": false,
      "price": {
        "currency": "GBP",
        "current": {
          "value": 27.0,
          "text": "£27.00"
        },
        "previous": {
          "value": 85.0,
          "text": "£85.00"
        },
        "rrp": {
          "value": 0.0,
          "text": "£0.00"
        },
        "isMarkedDown": true,
        "isOutletPrice": false
      },
      "weight": 454.0,
      "isPrimary": false,
      "navigateUrl": "/asos/asos-stargazer-leather-cutout-shoes/prd/950675",
      "isAvailable": true
    },
    {
      "id": 950676,
      "colourCode": "GR1",
      "sku": "ZWFAA950676",
      "colour": "Turquoise",
      "attributes": [
        {
          "name": "PRODUCT TYPE",
          "value": "Shoes",
          "nameId": 900,
          "valueId": 1562,
          "isWebRefine": true,
          "languageCode": "en-GB",
          "lastModified": "0001-01-01T00:00:00"
        },
        {
          "name": "LEATHER/NON LEATHER",
          "value": "Leather",
          "nameId": 911,
          "valueId": 2244,
          "isWebRefine": true,
          "languageCode": "en-GB",
          "lastModified": "0001-01-01T00:00:00"
        },
        {
          "name": "HEEL HEIGHT",
          "value": "High",
          "nameId": 929,
          "valueId": 2312,
          "isWebRefine": true,
          "languageCode": "en-GB",
          "lastModified": "0001-01-01T00:00:00"
        },
        {
          "name": "RETURNABLE",
          "value": "Yes",
          "nameId": 953,
          "valueId": 2625,
          "isWebRefine": false,
          "languageCode": "en-GB",
          "lastModified": "0001-01-01T00:00:00"
        },
        {
          "name": "SELLING PERIOD",
          "value": "Jan-mar",
          "nameId": 944,
          "valueId": 2651,
          "isWebRefine": false,
          "languageCode": "en-GB",
          "lastModified": "0001-01-01T00:00:00"
        },
        {
          "name": "TREND (WOMEN)",
          "value": "Veroushka",
          "nameId": 950,
          "valueId": 2909,
          "isWebRefine": false,
          "languageCode": "en-GB",
          "lastModified": "0001-01-01T00:00:00"
        },
        {
          "name": "SHOP BY FIT",
          "value": "Main Collection",
          "nameId": 1027,
          "valueId": 6764,
          "isWebRefine": true,
          "languageCode": "en-GB",
          "lastModified": "0001-01-01T00:00:00"
        }
      ],
      "brandSizes": [
        {
          "name": "UK 4",
          "schema": "UK",
          "text": "",
          "sortOrder": 5
        },
        {
          "name": "US 6",
          "schema": "US",
          "text": "",
          "sortOrder": 5
        },
        {
          "name": "EU 37",
          "schema": "AU",
          "text": "",
          "sortOrder": 5
        }
      ],
      "refinementSizes": [
        {
          "id": 2311,
          "name": "(UK 4)",
          "schema": "UK",
          "sortOrder": 96
        },
        {
          "id": 2311,
          "name": "US 6",
          "schema": "US",
          "sortOrder": 96
        },
        {
          "id": 2311,
          "name": "AU 6",
          "schema": "AU",
          "sortOrder": 96
        }
      ],
      "isInStock": false,
      "isLowInStock": false,
      "price": {
        "currency": "GBP",
        "current": {
          "value": 27.0,
          "text": "£27.00"
        },
        "previous": {
          "value": 85.0,
          "text": "£85.00"
        },
        "rrp": {
          "value": 0.0,
          "text": "£0.00"
        },
        "isMarkedDown": true,
        "isOutletPrice": false
      },
      "weight": 454.0,
      "isPrimary": false,
      "navigateUrl": "/asos/asos-stargazer-leather-cutout-shoes/prd/950676",
      "isAvailable": true
    },
    {
      "id": 950677,
      "colourCode": "GR1",
      "sku": "ZWFAA950677",
      "colour": "Turquoise",
      "attributes": [
        {
          "name": "PRODUCT TYPE",
          "value": "Shoes",
          "nameId": 900,
          "valueId": 1562,
          "isWebRefine": true,
          "languageCode": "en-GB",
          "lastModified": "0001-01-01T00:00:00"
        },
        {
          "name": "LEATHER/NON LEATHER",
          "value": "Leather",
          "nameId": 911,
          "valueId": 2244,
          "isWebRefine": true,
          "languageCode": "en-GB",
          "lastModified": "0001-01-01T00:00:00"
        },
        {
          "name": "HEEL HEIGHT",
          "value": "High",
          "nameId": 929,
          "valueId": 2312,
          "isWebRefine": true,
          "languageCode": "en-GB",
          "lastModified": "0001-01-01T00:00:00"
        },
        {
          "name": "RETURNABLE",
          "value": "Yes",
          "nameId": 953,
          "valueId": 2625,
          "isWebRefine": false,
          "languageCode": "en-GB",
          "lastModified": "0001-01-01T00:00:00"
        },
        {
          "name": "SELLING PERIOD",
          "value": "Jan-mar",
          "nameId": 944,
          "valueId": 2651,
          "isWebRefine": false,
          "languageCode": "en-GB",
          "lastModified": "0001-01-01T00:00:00"
        },
        {
          "name": "TREND (WOMEN)",
          "value": "Veroushka",
          "nameId": 950,
          "valueId": 2909,
          "isWebRefine": false,
          "languageCode": "en-GB",
          "lastModified": "0001-01-01T00:00:00"
        },
        {
          "name": "SHOP BY FIT",
          "value": "Main Collection",
          "nameId": 1027,
          "valueId": 6764,
          "isWebRefine": true,
          "languageCode": "en-GB",
          "lastModified": "0001-01-01T00:00:00"
        }
      ],
      "brandSizes": [
        {
          "name": "UK 5",
          "schema": "UK",
          "text": "",
          "sortOrder": 7
        },
        {
          "name": "US 7",
          "schema": "US",
          "text": "",
          "sortOrder": 7
        },
        {
          "name": "EU 38",
          "schema": "AU",
          "text": "",
          "sortOrder": 7
        }
      ],
      "refinementSizes": [
        {
          "id": 2079,
          "name": "(UK 5)",
          "schema": "UK",
          "sortOrder": 98
        },
        {
          "id": 2079,
          "name": "US 7",
          "schema": "US",
          "sortOrder": 98
        },
        {
          "id": 2079,
          "name": "AU 7",
          "schema": "AU",
          "sortOrder": 98
        }
      ],
      "isInStock": false,
      "isLowInStock": false,
      "price": {
        "currency": "GBP",
        "current": {
          "value": 27.0,
          "text": "£27.00"
        },
        "previous": {
          "value": 85.0,
          "text": "£85.00"
        },
        "rrp": {
          "value": 0.0,
          "text": "£0.00"
        },
        "isMarkedDown": true,
        "isOutletPrice": false
      },
      "weight": 454.0,
      "isPrimary": false,
      "navigateUrl": "/asos/asos-stargazer-leather-cutout-shoes/prd/950677",
      "isAvailable": true
    },
    {
      "id": 950678,
      "colourCode": "GR1",
      "sku": "ZWFAA950678",
      "colour": "Turquoise",
      "attributes": [
        {
          "name": "PRODUCT TYPE",
          "value": "Shoes",
          "nameId": 900,
          "valueId": 1562,
          "isWebRefine": true,
          "languageCode": "en-GB",
          "lastModified": "0001-01-01T00:00:00"
        },
        {
          "name": "LEATHER/NON LEATHER",
          "value": "Leather",
          "nameId": 911,
          "valueId": 2244,
          "isWebRefine": true,
          "languageCode": "en-GB",
          "lastModified": "0001-01-01T00:00:00"
        },
        {
          "name": "HEEL HEIGHT",
          "value": "High",
          "nameId": 929,
          "valueId": 2312,
          "isWebRefine": true,
          "languageCode": "en-GB",
          "lastModified": "0001-01-01T00:00:00"
        },
        {
          "name": "RETURNABLE",
          "value": "Yes",
          "nameId": 953,
          "valueId": 2625,
          "isWebRefine": false,
          "languageCode": "en-GB",
          "lastModified": "0001-01-01T00:00:00"
        },
        {
          "name": "SELLING PERIOD",
          "value": "Jan-mar",
          "nameId": 944,
          "valueId": 2651,
          "isWebRefine": false,
          "languageCode": "en-GB",
          "lastModified": "0001-01-01T00:00:00"
        },
        {
          "name": "TREND (WOMEN)",
          "value": "Veroushka",
          "nameId": 950,
          "valueId": 2909,
          "isWebRefine": false,
          "languageCode": "en-GB",
          "lastModified": "0001-01-01T00:00:00"
        },
        {
          "name": "SHOP BY FIT",
          "value": "Main Collection",
          "nameId": 1027,
          "valueId": 6764,
          "isWebRefine": true,
          "languageCode": "en-GB",
          "lastModified": "0001-01-01T00:00:00"
        }
      ],
      "brandSizes": [
        {
          "name": "UK 6",
          "schema": "UK",
          "text": "",
          "sortOrder": 9
        },
        {
          "name": "US 8",
          "schema": "US",
          "text": "",
          "sortOrder": 9
        },
        {
          "name": "EU 39",
          "schema": "AU",
          "text": "",
          "sortOrder": 9
        }
      ],
      "refinementSizes": [
        {
          "id": 2317,
          "name": "(UK 6)",
          "schema": "UK",
          "sortOrder": 100
        },
        {
          "id": 2317,
          "name": "US 8",
          "schema": "US",
          "sortOrder": 100
        },
        {
          "id": 2317,
          "name": "AU 8",
          "schema": "AU",
          "sortOrder": 100
        }
      ],
      "isInStock": false,
      "isLowInStock": false,
      "price": {
        "currency": "GBP",
        "current": {
          "value": 27.0,
          "text": "£27.00"
        },
        "previous": {
          "value": 85.0,
          "text": "£85.00"
        },
        "rrp": {
          "value": 0.0,
          "text": "£0.00"
        },
        "isMarkedDown": true,
        "isOutletPrice": false
      },
      "weight": 454.0,
      "isPrimary": false,
      "navigateUrl": "/asos/asos-stargazer-leather-cutout-shoes/prd/950678",
      "isAvailable": true
    },
    {
      "id": 950679,
      "colourCode": "GR1",
      "sku": "ZWFAA950679",
      "colour": "Turquoise",
      "attributes": [
        {
          "name": "PRODUCT TYPE",
          "value": "Shoes",
          "nameId": 900,
          "valueId": 1562,
          "isWebRefine": true,
          "languageCode": "en-GB",
          "lastModified": "0001-01-01T00:00:00"
        },
        {
          "name": "LEATHER/NON LEATHER",
          "value": "Leather",
          "nameId": 911,
          "valueId": 2244,
          "isWebRefine": true,
          "languageCode": "en-GB",
          "lastModified": "0001-01-01T00:00:00"
        },
        {
          "name": "HEEL HEIGHT",
          "value": "High",
          "nameId": 929,
          "valueId": 2312,
          "isWebRefine": true,
          "languageCode": "en-GB",
          "lastModified": "0001-01-01T00:00:00"
        },
        {
          "name": "RETURNABLE",
          "value": "Yes",
          "nameId": 953,
          "valueId": 2625,
          "isWebRefine": false,
          "languageCode": "en-GB",
          "lastModified": "0001-01-01T00:00:00"
        },
        {
          "name": "SELLING PERIOD",
          "value": "Jan-mar",
          "nameId": 944,
          "valueId": 2651,
          "isWebRefine": false,
          "languageCode": "en-GB",
          "lastModified": "0001-01-01T00:00:00"
        },
        {
          "name": "TREND (WOMEN)",
          "value": "Veroushka",
          "nameId": 950,
          "valueId": 2909,
          "isWebRefine": false,
          "languageCode": "en-GB",
          "lastModified": "0001-01-01T00:00:00"
        },
        {
          "name": "SHOP BY FIT",
          "value": "Main Collection",
          "nameId": 1027,
          "valueId": 6764,
          "isWebRefine": true,
          "languageCode": "en-GB",
          "lastModified": "0001-01-01T00:00:00"
        }
      ],
      "brandSizes": [
        {
          "name": "UK 7",
          "schema": "UK",
          "text": "",
          "sortOrder": 11
        },
        {
          "name": "US 9",
          "schema": "US",
          "text": "",
          "sortOrder": 11
        },
        {
          "name": "EU 40",
          "schema": "AU",
          "text": "",
          "sortOrder": 11
        }
      ],
      "refinementSizes": [
        {
          "id": 1902,
          "name": "(UK 7)",
          "schema": "UK",
          "sortOrder": 102
        },
        {
          "id": 1902,
          "name": "US 9",
          "schema": "US",
          "sortOrder": 102
        },
        {
          "id": 1902,
          "name": "AU 9",
          "schema": "AU",
          "sortOrder": 102
        }
      ],
      "isInStock": false,
      "isLowInStock": false,
      "price": {
        "currency": "GBP",
        "current": {
          "value": 27.0,
          "text": "£27.00"
        },
        "previous": {
          "value": 85.0,
          "text": "£85.00"
        },
        "rrp": {
          "value": 0.0,
          "text": "£0.00"
        },
        "isMarkedDown": true,
        "isOutletPrice": false
      },
      "weight": 454.0,
      "isPrimary": false,
      "navigateUrl": "/asos/asos-stargazer-leather-cutout-shoes/prd/950679",
      "isAvailable": true
    },
    {
      "id": 950680,
      "colourCode": "GR1",
      "sku": "ZWFAA950680",
      "colour": "Turquoise",
      "attributes": [
        {
          "name": "PRODUCT TYPE",
          "value": "Shoes",
          "nameId": 900,
          "valueId": 1562,
          "isWebRefine": true,
          "languageCode": "en-GB",
          "lastModified": "0001-01-01T00:00:00"
        },
        {
          "name": "LEATHER/NON LEATHER",
          "value": "Leather",
          "nameId": 911,
          "valueId": 2244,
          "isWebRefine": true,
          "languageCode": "en-GB",
          "lastModified": "0001-01-01T00:00:00"
        },
        {
          "name": "HEEL HEIGHT",
          "value": "High",
          "nameId": 929,
          "valueId": 2312,
          "isWebRefine": true,
          "languageCode": "en-GB",
          "lastModified": "0001-01-01T00:00:00"
        },
        {
          "name": "RETURNABLE",
          "value": "Yes",
          "nameId": 953,
          "valueId": 2625,
          "isWebRefine": false,
          "languageCode": "en-GB",
          "lastModified": "0001-01-01T00:00:00"
        },
        {
          "name": "SELLING PERIOD",
          "value": "Jan-mar",
          "nameId": 944,
          "valueId": 2651,
          "isWebRefine": false,
          "languageCode": "en-GB",
          "lastModified": "0001-01-01T00:00:00"
        },
        {
          "name": "TREND (WOMEN)",
          "value": "Veroushka",
          "nameId": 950,
          "valueId": 2909,
          "isWebRefine": false,
          "languageCode": "en-GB",
          "lastModified": "0001-01-01T00:00:00"
        },
        {
          "name": "SHOP BY FIT",
          "value": "Main Collection",
          "nameId": 1027,
          "valueId": 6764,
          "isWebRefine": true,
          "languageCode": "en-GB",
          "lastModified": "0001-01-01T00:00:00"
        }
      ],
      "brandSizes": [
        {
          "name": "UK 8",
          "schema": "UK",
          "text": "",
          "sortOrder": 13
        },
        {
          "name": "US 10",
          "schema": "US",
          "text": "",
          "sortOrder": 13
        },
        {
          "name": "EU 41",
          "schema": "AU",
          "text": "",
          "sortOrder": 13
        }
      ],
      "refinementSizes": [
        {
          "id": 2320,
          "name": "(UK 8)",
          "schema": "UK",
          "sortOrder": 104
        },
        {
          "id": 2320,
          "name": "US 10",
          "schema": "US",
          "sortOrder": 104
        },
        {
          "id": 2320,
          "name": "AU 10",
          "schema": "AU",
          "sortOrder": 104
        }
      ],
      "isInStock": true,
      "isLowInStock": true,
      "price": {
        "currency": "GBP",
        "current": {
          "value": 27.0,
          "text": "£27.00"
        },
        "previous": {
          "value": 85.0,
          "text": "£85.00"
        },
        "rrp": {
          "value": 0.0,
          "text": "£0.00"
        },
        "isMarkedDown": true,
        "isOutletPrice": false
      },
      "weight": 454.0,
      "isPrimary": false,
      "navigateUrl": "/asos/asos-stargazer-leather-cutout-shoes/prd/950680",
      "isAvailable": true
    },
    {
      "id": 950681,
      "colourCode": "PI1",
      "sku": "ZWFAA950681",
      "colour": "Pale pink",
      "attributes": [
        {
          "name": "PRODUCT TYPE",
          "value": "Shoes",
          "nameId": 900,
          "valueId": 1562,
          "isWebRefine": true,
          "languageCode": "en-GB",
          "lastModified": "0001-01-01T00:00:00"
        },
        {
          "name": "LEATHER/NON LEATHER",
          "value": "Leather",
          "nameId": 911,
          "valueId": 2244,
          "isWebRefine": true,
          "languageCode": "en-GB",
          "lastModified": "0001-01-01T00:00:00"
        },
        {
          "name": "HEEL HEIGHT",
          "value": "High",
          "nameId": 929,
          "valueId": 2312,
          "isWebRefine": true,
          "languageCode": "en-GB",
          "lastModified": "0001-01-01T00:00:00"
        },
        {
          "name": "RETURNABLE",
          "value": "Yes",
          "nameId": 953,
          "valueId": 2625,
          "isWebRefine": false,
          "languageCode": "en-GB",
          "lastModified": "0001-01-01T00:00:00"
        },
        {
          "name": "SELLING PERIOD",
          "value": "Jan-mar",
          "nameId": 944,
          "valueId": 2651,
          "isWebRefine": false,
          "languageCode": "en-GB",
          "lastModified": "0001-01-01T00:00:00"
        },
        {
          "name": "TREND (WOMEN)",
          "value": "Veroushka",
          "nameId": 950,
          "valueId": 2909,
          "isWebRefine": false,
          "languageCode": "en-GB",
          "lastModified": "0001-01-01T00:00:00"
        },
        {
          "name": "SHOP BY FIT",
          "value": "Main Collection",
          "nameId": 1027,
          "valueId": 6764,
          "isWebRefine": true,
          "languageCode": "en-GB",
          "lastModified": "0001-01-01T00:00:00"
        }
      ],
      "brandSizes": [
        {
          "name": "UK 3",
          "schema": "UK",
          "text": "",
          "sortOrder": 3
        },
        {
          "name": "US 5",
          "schema": "US",
          "text": "",
          "sortOrder": 3
        },
        {
          "name": "EU 36",
          "schema": "AU",
          "text": "",
          "sortOrder": 3
        }
      ],
      "refinementSizes": [
        {
          "id": 1853,
          "name": "(UK 3)",
          "schema": "UK",
          "sortOrder": 94
        },
        {
          "id": 1853,
          "name": "US 5",
          "schema": "US",
          "sortOrder": 94
        },
        {
          "id": 1853,
          "name": "AU 5",
          "schema": "AU",
          "sortOrder": 94
        }
      ],
      "isInStock": false,
      "isLowInStock": false,
      "price": {
        "currency": "GBP",
        "current": {
          "value": 23.0,
          "text": "£23.00"
        },
        "previous": {
          "value": 85.0,
          "text": "£85.00"
        },
        "rrp": {
          "value": 0.0,
          "text": "£0.00"
        },
        "isMarkedDown": true,
        "isOutletPrice": false
      },
      "weight": 454.0,
      "isPrimary": true,
      "navigateUrl": "/asos/asos-stargazer-leather-cutout-shoes/prd/950681",
      "isAvailable": true
    },
    {
      "id": 950682,
      "colourCode": "PI1",
      "sku": "ZWFAA950682",
      "colour": "Pale pink",
      "attributes": [
        {
          "name": "PRODUCT TYPE",
          "value": "Shoes",
          "nameId": 900,
          "valueId": 1562,
          "isWebRefine": true,
          "languageCode": "en-GB",
          "lastModified": "0001-01-01T00:00:00"
        },
        {
          "name": "LEATHER/NON LEATHER",
          "value": "Leather",
          "nameId": 911,
          "valueId": 2244,
          "isWebRefine": true,
          "languageCode": "en-GB",
          "lastModified": "0001-01-01T00:00:00"
        },
        {
          "name": "HEEL HEIGHT",
          "value": "High",
          "nameId": 929,
          "valueId": 2312,
          "isWebRefine": true,
          "languageCode": "en-GB",
          "lastModified": "0001-01-01T00:00:00"
        },
        {
          "name": "RETURNABLE",
          "value": "Yes",
          "nameId": 953,
          "valueId": 2625,
          "isWebRefine": false,
          "languageCode": "en-GB",
          "lastModified": "0001-01-01T00:00:00"
        },
        {
          "name": "SELLING PERIOD",
          "value": "Jan-mar",
          "nameId": 944,
          "valueId": 2651,
          "isWebRefine": false,
          "languageCode": "en-GB",
          "lastModified": "0001-01-01T00:00:00"
        },
        {
          "name": "TREND (WOMEN)",
          "value": "Veroushka",
          "nameId": 950,
          "valueId": 2909,
          "isWebRefine": false,
          "languageCode": "en-GB",
          "lastModified": "0001-01-01T00:00:00"
        },
        {
          "name": "SHOP BY FIT",
          "value": "Main Collection",
          "nameId": 1027,
          "valueId": 6764,
          "isWebRefine": true,
          "languageCode": "en-GB",
          "lastModified": "0001-01-01T00:00:00"
        }
      ],
      "brandSizes": [
        {
          "name": "UK 4",
          "schema": "UK",
          "text": "",
          "sortOrder": 5
        },
        {
          "name": "US 6",
          "schema": "US",
          "text": "",
          "sortOrder": 5
        },
        {
          "name": "EU 37",
          "schema": "AU",
          "text": "",
          "sortOrder": 5
        }
      ],
      "refinementSizes": [
        {
          "id": 2311,
          "name": "(UK 4)",
          "schema": "UK",
          "sortOrder": 96
        },
        {
          "id": 2311,
          "name": "US 6",
          "schema": "US",
          "sortOrder": 96
        },
        {
          "id": 2311,
          "name": "AU 6",
          "schema": "AU",
          "sortOrder": 96
        }
      ],
      "isInStock": false,
      "isLowInStock": false,
      "price": {
        "currency": "GBP",
        "current": {
          "value": 23.0,
          "text": "£23.00"
        },
        "previous": {
          "value": 85.0,
          "text": "£85.00"
        },
        "rrp": {
          "value": 0.0,
          "text": "£0.00"
        },
        "isMarkedDown": true,
        "isOutletPrice": false
      },
      "weight": 454.0,
      "isPrimary": true,
      "navigateUrl": "/asos/asos-stargazer-leather-cutout-shoes/prd/950682",
      "isAvailable": true
    },
    {
      "id": 950683,
      "colourCode": "PI1",
      "sku": "ZWFAA950683",
      "colour": "Pale pink",
      "attributes": [
        {
          "name": "PRODUCT TYPE",
          "value": "Shoes",
          "nameId": 900,
          "valueId": 1562,
          "isWebRefine": true,
          "languageCode": "en-GB",
          "lastModified": "0001-01-01T00:00:00"
        },
        {
          "name": "LEATHER/NON LEATHER",
          "value": "Leather",
          "nameId": 911,
          "valueId": 2244,
          "isWebRefine": true,
          "languageCode": "en-GB",
          "lastModified": "0001-01-01T00:00:00"
        },
        {
          "name": "HEEL HEIGHT",
          "value": "High",
          "nameId": 929,
          "valueId": 2312,
          "isWebRefine": true,
          "languageCode": "en-GB",
          "lastModified": "0001-01-01T00:00:00"
        },
        {
          "name": "RETURNABLE",
          "value": "Yes",
          "nameId": 953,
          "valueId": 2625,
          "isWebRefine": false,
          "languageCode": "en-GB",
          "lastModified": "0001-01-01T00:00:00"
        },
        {
          "name": "SELLING PERIOD",
          "value": "Jan-mar",
          "nameId": 944,
          "valueId": 2651,
          "isWebRefine": false,
          "languageCode": "en-GB",
          "lastModified": "0001-01-01T00:00:00"
        },
        {
          "name": "TREND (WOMEN)",
          "value": "Veroushka",
          "nameId": 950,
          "valueId": 2909,
          "isWebRefine": false,
          "languageCode": "en-GB",
          "lastModified": "0001-01-01T00:00:00"
        },
        {
          "name": "SHOP BY FIT",
          "value": "Main Collection",
          "nameId": 1027,
          "valueId": 6764,
          "isWebRefine": true,
          "languageCode": "en-GB",
          "lastModified": "0001-01-01T00:00:00"
        }
      ],
      "brandSizes": [
        {
          "name": "UK 5",
          "schema": "UK",
          "text": "",
          "sortOrder": 7
        },
        {
          "name": "US 7",
          "schema": "US",
          "text": "",
          "sortOrder": 7
        },
        {
          "name": "EU 38",
          "schema": "AU",
          "text": "",
          "sortOrder": 7
        }
      ],
      "refinementSizes": [
        {
          "id": 2079,
          "name": "(UK 5)",
          "schema": "UK",
          "sortOrder": 98
        },
        {
          "id": 2079,
          "name": "US 7",
          "schema": "US",
          "sortOrder": 98
        },
        {
          "id": 2079,
          "name": "AU 7",
          "schema": "AU",
          "sortOrder": 98
        }
      ],
      "isInStock": false,
      "isLowInStock": false,
      "price": {
        "currency": "GBP",
        "current": {
          "value": 23.0,
          "text": "£23.00"
        },
        "previous": {
          "value": 85.0,
          "text": "£85.00"
        },
        "rrp": {
          "value": 0.0,
          "text": "£0.00"
        },
        "isMarkedDown": true,
        "isOutletPrice": false
      },
      "weight": 454.0,
      "isPrimary": true,
      "navigateUrl": "/asos/asos-stargazer-leather-cutout-shoes/prd/950683",
      "isAvailable": true
    },
    {
      "id": 950684,
      "colourCode": "PI1",
      "sku": "ZWFAA950684",
      "colour": "Pale pink",
      "attributes": [
        {
          "name": "PRODUCT TYPE",
          "value": "Shoes",
          "nameId": 900,
          "valueId": 1562,
          "isWebRefine": true,
          "languageCode": "en-GB",
          "lastModified": "0001-01-01T00:00:00"
        },
        {
          "name": "LEATHER/NON LEATHER",
          "value": "Leather",
          "nameId": 911,
          "valueId": 2244,
          "isWebRefine": true,
          "languageCode": "en-GB",
          "lastModified": "0001-01-01T00:00:00"
        },
        {
          "name": "HEEL HEIGHT",
          "value": "High",
          "nameId": 929,
          "valueId": 2312,
          "isWebRefine": true,
          "languageCode": "en-GB",
          "lastModified": "0001-01-01T00:00:00"
        },
        {
          "name": "RETURNABLE",
          "value": "Yes",
          "nameId": 953,
          "valueId": 2625,
          "isWebRefine": false,
          "languageCode": "en-GB",
          "lastModified": "0001-01-01T00:00:00"
        },
        {
          "name": "SELLING PERIOD",
          "value": "Jan-mar",
          "nameId": 944,
          "valueId": 2651,
          "isWebRefine": false,
          "languageCode": "en-GB",
          "lastModified": "0001-01-01T00:00:00"
        },
        {
          "name": "TREND (WOMEN)",
          "value": "Veroushka",
          "nameId": 950,
          "valueId": 2909,
          "isWebRefine": false,
          "languageCode": "en-GB",
          "lastModified": "0001-01-01T00:00:00"
        },
        {
          "name": "SHOP BY FIT",
          "value": "Main Collection",
          "nameId": 1027,
          "valueId": 6764,
          "isWebRefine": true,
          "languageCode": "en-GB",
          "lastModified": "0001-01-01T00:00:00"
        }
      ],
      "brandSizes": [
        {
          "name": "UK 6",
          "schema": "UK",
          "text": "",
          "sortOrder": 9
        },
        {
          "name": "US 8",
          "schema": "US",
          "text": "",
          "sortOrder": 9
        },
        {
          "name": "EU 39",
          "schema": "AU",
          "text": "",
          "sortOrder": 9
        }
      ],
      "refinementSizes": [
        {
          "id": 2317,
          "name": "(UK 6)",
          "schema": "UK",
          "sortOrder": 100
        },
        {
          "id": 2317,
          "name": "US 8",
          "schema": "US",
          "sortOrder": 100
        },
        {
          "id": 2317,
          "name": "AU 8",
          "schema": "AU",
          "sortOrder": 100
        }
      ],
      "isInStock": false,
      "isLowInStock": false,
      "price": {
        "currency": "GBP",
        "current": {
          "value": 23.0,
          "text": "£23.00"
        },
        "previous": {
          "value": 85.0,
          "text": "£85.00"
        },
        "rrp": {
          "value": 0.0,
          "text": "£0.00"
        },
        "isMarkedDown": true,
        "isOutletPrice": false
      },
      "weight": 454.0,
      "isPrimary": true,
      "navigateUrl": "/asos/asos-stargazer-leather-cutout-shoes/prd/950684",
      "isAvailable": true
    },
    {
      "id": 950685,
      "colourCode": "PI1",
      "sku": "ZWFAA950685",
      "colour": "Pale pink",
      "attributes": [
        {
          "name": "PRODUCT TYPE",
          "value": "Shoes",
          "nameId": 900,
          "valueId": 1562,
          "isWebRefine": true,
          "languageCode": "en-GB",
          "lastModified": "0001-01-01T00:00:00"
        },
        {
          "name": "LEATHER/NON LEATHER",
          "value": "Leather",
          "nameId": 911,
          "valueId": 2244,
          "isWebRefine": true,
          "languageCode": "en-GB",
          "lastModified": "0001-01-01T00:00:00"
        },
        {
          "name": "HEEL HEIGHT",
          "value": "High",
          "nameId": 929,
          "valueId": 2312,
          "isWebRefine": true,
          "languageCode": "en-GB",
          "lastModified": "0001-01-01T00:00:00"
        },
        {
          "name": "RETURNABLE",
          "value": "Yes",
          "nameId": 953,
          "valueId": 2625,
          "isWebRefine": false,
          "languageCode": "en-GB",
          "lastModified": "0001-01-01T00:00:00"
        },
        {
          "name": "SELLING PERIOD",
          "value": "Jan-mar",
          "nameId": 944,
          "valueId": 2651,
          "isWebRefine": false,
          "languageCode": "en-GB",
          "lastModified": "0001-01-01T00:00:00"
        },
        {
          "name": "TREND (WOMEN)",
          "value": "Veroushka",
          "nameId": 950,
          "valueId": 2909,
          "isWebRefine": false,
          "languageCode": "en-GB",
          "lastModified": "0001-01-01T00:00:00"
        },
        {
          "name": "SHOP BY FIT",
          "value": "Main Collection",
          "nameId": 1027,
          "valueId": 6764,
          "isWebRefine": true,
          "languageCode": "en-GB",
          "lastModified": "0001-01-01T00:00:00"
        }
      ],
      "brandSizes": [
        {
          "name": "UK 7",
          "schema": "UK",
          "text": "",
          "sortOrder": 11
        },
        {
          "name": "US 9",
          "schema": "US",
          "text": "",
          "sortOrder": 11
        },
        {
          "name": "EU 40",
          "schema": "AU",
          "text": "",
          "sortOrder": 11
        }
      ],
      "refinementSizes": [
        {
          "id": 1902,
          "name": "(UK 7)",
          "schema": "UK",
          "sortOrder": 102
        },
        {
          "id": 1902,
          "name": "US 9",
          "schema": "US",
          "sortOrder": 102
        },
        {
          "id": 1902,
          "name": "AU 9",
          "schema": "AU",
          "sortOrder": 102
        }
      ],
      "isInStock": false,
      "isLowInStock": false,
      "price": {
        "currency": "GBP",
        "current": {
          "value": 23.0,
          "text": "£23.00"
        },
        "previous": {
          "value": 85.0,
          "text": "£85.00"
        },
        "rrp": {
          "value": 0.0,
          "text": "£0.00"
        },
        "isMarkedDown": true,
        "isOutletPrice": false
      },
      "weight": 454.0,
      "isPrimary": true,
      "navigateUrl": "/asos/asos-stargazer-leather-cutout-shoes/prd/950685",
      "isAvailable": true
    },
    {
      "id": 950686,
      "colourCode": "PI1",
      "sku": "ZWFAA950686",
      "colour": "Pale pink",
      "attributes": [
        {
          "name": "PRODUCT TYPE",
          "value": "Shoes",
          "nameId": 900,
          "valueId": 1562,
          "isWebRefine": true,
          "languageCode": "en-GB",
          "lastModified": "0001-01-01T00:00:00"
        },
        {
          "name": "LEATHER/NON LEATHER",
          "value": "Leather",
          "nameId": 911,
          "valueId": 2244,
          "isWebRefine": true,
          "languageCode": "en-GB",
          "lastModified": "0001-01-01T00:00:00"
        },
        {
          "name": "HEEL HEIGHT",
          "value": "High",
          "nameId": 929,
          "valueId": 2312,
          "isWebRefine": true,
          "languageCode": "en-GB",
          "lastModified": "0001-01-01T00:00:00"
        },
        {
          "name": "RETURNABLE",
          "value": "Yes",
          "nameId": 953,
          "valueId": 2625,
          "isWebRefine": false,
          "languageCode": "en-GB",
          "lastModified": "0001-01-01T00:00:00"
        },
        {
          "name": "SELLING PERIOD",
          "value": "Jan-mar",
          "nameId": 944,
          "valueId": 2651,
          "isWebRefine": false,
          "languageCode": "en-GB",
          "lastModified": "0001-01-01T00:00:00"
        },
        {
          "name": "TREND (WOMEN)",
          "value": "Veroushka",
          "nameId": 950,
          "valueId": 2909,
          "isWebRefine": false,
          "languageCode": "en-GB",
          "lastModified": "0001-01-01T00:00:00"
        },
        {
          "name": "SHOP BY FIT",
          "value": "Main Collection",
          "nameId": 1027,
          "valueId": 6764,
          "isWebRefine": true,
          "languageCode": "en-GB",
          "lastModified": "0001-01-01T00:00:00"
        }
      ],
      "brandSizes": [
        {
          "name": "UK 8",
          "schema": "UK",
          "text": "",
          "sortOrder": 13
        },
        {
          "name": "US 10",
          "schema": "US",
          "text": "",
          "sortOrder": 13
        },
        {
          "name": "EU 41",
          "schema": "AU",
          "text": "",
          "sortOrder": 13
        }
      ],
      "refinementSizes": [
        {
          "id": 2320,
          "name": "(UK 8)",
          "schema": "UK",
          "sortOrder": 104
        },
        {
          "id": 2320,
          "name": "US 10",
          "schema": "US",
          "sortOrder": 104
        },
        {
          "id": 2320,
          "name": "AU 10",
          "schema": "AU",
          "sortOrder": 104
        }
      ],
      "isInStock": false,
      "isLowInStock": false,
      "price": {
        "currency": "GBP",
        "current": {
          "value": 23.0,
          "text": "£23.00"
        },
        "previous": {
          "value": 85.0,
          "text": "£85.00"
        },
        "rrp": {
          "value": 0.0,
          "text": "£0.00"
        },
        "isMarkedDown": true,
        "isOutletPrice": false
      },
      "weight": 454.0,
      "isPrimary": true,
      "navigateUrl": "/asos/asos-stargazer-leather-cutout-shoes/prd/950686",
      "isAvailable": true
    }
  ],
  "legacyMedia": {
    "images": [
      {
        "url": "http://images.asos-media.com/inv/z/6/218/950674/palepink/image1xl.jpg",
        "size": "xl",
        "colourCode": "PI1",
        "colour": "Pale pink",
        "isPrimary": true,
        "type": "Standard"
      },
      {
        "url": "http://images.asos-media.com/inv/z/6/218/950674/palepink/image1xl.jpg",
        "size": "s",
        "colourCode": "PI1",
        "colour": "Pale pink",
        "isPrimary": true,
        "type": "Standard"
      },
      {
        "url": "http://images.asos-media.com/inv/z/6/218/950674/palepink/image1xs.jpg",
        "size": "xs",
        "colourCode": "PI1",
        "colour": "Pale pink",
        "isPrimary": true,
        "type": "Standard"
      },
      {
        "url": "http://images.asos-media.com/inv/z/6/218/950674/turquoise/image1xl.jpg",
        "size": "xl",
        "colourCode": "GR1",
        "colour": "Turquoise",
        "isPrimary": false,
        "type": "Standard"
      },
      {
        "url": "http://images.asos-media.com/inv/z/6/218/950674/turquoise/image1xl.jpg",
        "size": "s",
        "colourCode": "GR1",
        "colour": "Turquoise",
        "isPrimary": false,
        "type": "Standard"
      },
      {
        "url": "http://images.asos-media.com/inv/z/6/218/950674/turquoise/image1xs.jpg",
        "size": "xs",
        "colourCode": "GR1",
        "colour": "Turquoise",
        "isPrimary": false,
        "type": "Standard"
      },
      {
        "url": "http://images.asos-media.com/inv/z/6/218/950674/image2xxl.jpg",
        "size": "xxl",
        "colourCode": "",
        "colour": "",
        "isPrimary": false,
        "type": "Standard"
      },
      {
        "url": "http://images.asos-media.com/inv/z/6/218/950674/image2xl.jpg",
        "size": "xl",
        "colourCode": "",
        "colour": "",
        "isPrimary": false,
        "type": "Standard"
      },
      {
        "url": "http://images.asos-media.com/inv/z/6/218/950674/image2s.jpg",
        "size": "s",
        "colourCode": "",
        "colour": "",
        "isPrimary": false,
        "type": "Standard"
      },
      {
        "url": "http://images.asos-media.com/inv/z/6/218/950674/image2xs.jpg",
        "size": "xs",
        "colourCode": "",
        "colour": "",
        "isPrimary": false,
        "type": "Standard"
      },
      {
        "url": "http://images.asos-media.com/inv/z/6/218/950674/image3xxl.jpg",
        "size": "xxl",
        "colourCode": "",
        "colour": "",
        "isPrimary": false,
        "type": "Standard"
      },
      {
        "url": "http://images.asos-media.com/inv/z/6/218/950674/image3xl.jpg",
        "size": "xl",
        "colourCode": "",
        "colour": "",
        "isPrimary": false,
        "type": "Standard"
      },
      {
        "url": "http://images.asos-media.com/inv/z/6/218/950674/image3s.jpg",
        "size": "s",
        "colourCode": "",
        "colour": "",
        "isPrimary": false,
        "type": "Standard"
      },
      {
        "url": "http://images.asos-media.com/inv/z/6/218/950674/image3xs.jpg",
        "size": "xs",
        "colourCode": "",
        "colour": "",
        "isPrimary": false,
        "type": "Standard"
      },
      {
        "url": "http://images.asos-media.com/inv/z/6/218/950674/image4xxl.jpg",
        "size": "xxl",
        "colourCode": "",
        "colour": "",
        "isPrimary": false,
        "type": "Standard"
      },
      {
        "url": "http://images.asos-media.com/inv/z/6/218/950674/image4xl.jpg",
        "size": "xl",
        "colourCode": "",
        "colour": "",
        "isPrimary": false,
        "type": "Standard"
      },
      {
        "url": "http://images.asos-media.com/inv/z/6/218/950674/image4s.jpg",
        "size": "s",
        "colourCode": "",
        "colour": "",
        "isPrimary": false,
        "type": "Standard"
      },
      {
        "url": "http://images.asos-media.com/inv/z/6/218/950674/image4xs.jpg",
        "size": "xs",
        "colourCode": "",
        "colour": "",
        "isPrimary": false,
        "type": "Standard"
      },
      {
        "url": "http://images.asos-media.com/inv/z/6/218/950674/palepink/image1xxl.jpg",
        "size": "xxl",
        "colourCode": "PI1",
        "colour": "Pale pink",
        "isPrimary": true,
        "type": "Standard"
      },
      {
        "url": "http://images.asos-media.com/inv/z/6/218/950674/palepink/image1l.jpg",
        "size": "l",
        "colourCode": "PI1",
        "colour": "Pale pink",
        "isPrimary": true,
        "type": "Standard"
      },
      {
        "url": "http://images.asos-media.com/inv/z/6/218/950674/turquoise/image1xxl.jpg",
        "size": "xxl",
        "colourCode": "GR1",
        "colour": "Turquoise",
        "isPrimary": false,
        "type": "Standard"
      },
      {
        "url": "http://images.asos-media.com/inv/z/6/218/950674/turquoise/image1l.jpg",
        "size": "l",
        "colourCode": "GR1",
        "colour": "Turquoise",
        "isPrimary": false,
        "type": "Standard"
      }
    ],
    "threeSixty": [
      {
        "url": "http://video.asos.com/CatwalkShots/950674-4-100219100333.swf",
        "colourCode": ""
      }
    ]
  },
  "media": {
    "images": [
      {
        "url": "s7testing-images.asos-media.com/products/asos-stargazer-leather-cutout-shoes/950674-1-palepink",
        "colourCode": "PI1",
        "colour": "Pale pink",
        "isPrimary": true,
        "type": "Standard1"
      },
      {
        "url": "s7testing-images.asos-media.com/products/asos-stargazer-leather-cutout-shoes/950674-1-turquoise",
        "colourCode": "GR1",
        "colour": "Turquoise",
        "isPrimary": false,
        "type": "Standard1"
      },
      {
        "url": "s7testing-images.asos-media.com/products/asos-stargazer-leather-cutout-shoes/950674-2",
        "colourCode": "",
        "colour": "",
        "isPrimary": false,
        "type": "Standard2"
      },
      {
        "url": "s7testing-images.asos-media.com/products/asos-stargazer-leather-cutout-shoes/950674-3",
        "colourCode": "",
        "colour": "",
        "isPrimary": false,
        "type": "Standard3"
      },
      {
        "url": "s7testing-images.asos-media.com/products/asos-stargazer-leather-cutout-shoes/950674-4",
        "colourCode": "",
        "colour": "",
        "isPrimary": false,
        "type": "Standard4"
      }
    ],
    "catwalk": [],
    "spinSet": [
      {
        "url": "s7testing-images.asos-media.com/products/asos-stargazer-leather-cutout-shoes/950674-spinset",
        "colourCode": "GR1"
      },
      {
        "url": "s7testing-images.asos-media.com/products/asos-stargazer-leather-cutout-shoes/950674-spinset",
        "colourCode": "PI1"
      }
    ]
  },
  "webCategoryIds": [
    {
      "id": 22176
    }
  ],
  "navigateUrl": "/asos/asos-stargazer-leather-cutout-shoes/prd/950674",
  "statusId": 52000,
  "divisionId": 7,
  "isAvailable": true,
  "dateOnSite": "0001-01-01T00:00:00",
  "supplierRef": "15788 Jacob Court",
  "lastModified": "2016-10-14T16:04:39.2338439Z",
  "lastTranslationModified": "2016-04-25T00:00:00Z",
  "price": {
    "currency": "GBP",
    "current": {
      "value": 27.0,
      "text": "£27.00"
    },
    "previous": {
      "value": 85.0,
      "text": "£85.00"
    },
    "rrp": {
      "value": 0.0,
      "text": "£0.00"
    },
    "isMarkedDown": true,
    "isOutletPrice": false
  }
}