{
  "id": 445219,
  "language": "en-GB",
  "name": "Benefit Ooh La Lift Under Eye De-Puffer",
  "description": "<b>Eye balm</b> by <a href=\"/Beauty/A-To-Z-Of-Brands/Benefit/Cat/pgecategory.aspx?cid=5842\"><strong>Benefit</strong></a><ul>    <li>Lightweight tinted balm</li><li>Enriched with raspberry extracts</li><li>Features light reflected pigments</li><li>Designed to lift and firm under the eyes&nbsp;</li><li>Cooling agents help eyes feel refreshed&nbsp;</li><li>Can be applied on bare skin or over makeup</li><li>Built-in applicator&nbsp;</li></ul>",
  "fabricConstruction": "Non Clothing",
  "additionalInfo": "Tips and tricks: Dab 3 dots with wand to puffy under eye area  and gently pat into skin with fingertips to feel the cooling sensation",
  "brand": {
    "name": "Benefit",
    "description": "<a href=\"/Beauty/A-To-Z-Of-Brands/Benefit/Cat/pgecategory.aspx?cid=5842\"><strong>Benefit</strong></a> combine candy colour hues with all American charm to create their whimsical cosmetic line. After reaching cult status with their multipurpose Benetint, Jean and Jane Ford forged ahead, creating everything from mascaras, to face primers, blushers and lip glosses; all encased in vintage style packaging, effortlessly capturing the brand&rsquo;s frivolous nature.",
    "brandId": 3498
  },
  "careInfo": "&nbsp;<br>",
  "productCode": "QAGDE445219",
  "category": "Make-up",
  "categoryId": 306,
  "department": "Beauty WB",
  "departmentId": 28,
  "division": "Womenswear",
  "isReturnable": true,
  "store": "COM",
  "isInStock": true,
  "variants": [
    {
      "id": 445220,
      "colourCode": "NC1",
      "sku": "QAGDE445220",
      "colour": "Ooh la lift",
      "attributes": [
        {
          "name": "RETURNABLE",
          "value": "Yes",
          "nameId": 953,
          "valueId": 2625,
          "isWebRefine": false,
          "languageCode": "en-GB",
          "lastModified": "0001-01-01T00:00:00"
        },
        {
          "name": "VALUE/HIGH STREET/PREMIUM",
          "value": "Premium",
          "nameId": 954,
          "valueId": 2629,
          "isWebRefine": false,
          "languageCode": "en-GB",
          "lastModified": "0001-01-01T00:00:00"
        },
        {
          "name": "ORIGINAL SEASON",
          "value": "Autumn winter 11",
          "nameId": 955,
          "valueId": 2635,
          "isWebRefine": false,
          "languageCode": "en-GB",
          "lastModified": "0001-01-01T00:00:00"
        },
        {
          "name": "SELLING PERIOD",
          "value": "Flow",
          "nameId": 944,
          "valueId": 2658,
          "isWebRefine": false,
          "languageCode": "en-GB",
          "lastModified": "0001-01-01T00:00:00"
        },
        {
          "name": "SAMPLE SIZE",
          "value": "Not Applicable",
          "nameId": 956,
          "valueId": 2690,
          "isWebRefine": false,
          "languageCode": "en-GB",
          "lastModified": "0001-01-01T00:00:00"
        },
        {
          "name": "TREND (MEN'S)",
          "value": "Not Applicable",
          "nameId": 949,
          "valueId": 2753,
          "isWebRefine": false,
          "languageCode": "en-GB",
          "lastModified": "0001-01-01T00:00:00"
        },
        {
          "name": "TREND (WOMEN)",
          "value": "Not Applicable",
          "nameId": 950,
          "valueId": 2857,
          "isWebRefine": false,
          "languageCode": "en-GB",
          "lastModified": "0001-01-01T00:00:00"
        },
        {
          "name": "MALE MODELS",
          "value": "Not Applicable",
          "nameId": 951,
          "valueId": 2996,
          "isWebRefine": false,
          "languageCode": "en-GB",
          "lastModified": "2011-06-10T06:36:46.643Z"
        },
        {
          "name": "FEMALE MODELS",
          "value": "Not Applicable",
          "nameId": 952,
          "valueId": 3187,
          "isWebRefine": false,
          "languageCode": "en-GB",
          "lastModified": "2011-06-10T06:38:14.51Z"
        },
        {
          "name": "CARE LABELS",
          "value": "Brands",
          "nameId": 943,
          "valueId": 3227,
          "isWebRefine": false,
          "languageCode": "en-GB",
          "lastModified": "0001-01-01T00:00:00"
        },
        {
          "name": "COTTON INITIATIVE",
          "value": "Not Applicable",
          "nameId": 921,
          "valueId": 3230,
          "isWebRefine": false,
          "languageCode": "en-GB",
          "lastModified": "0001-01-01T00:00:00"
        },
        {
          "name": "ECO EDIT",
          "value": "Not Applicable",
          "nameId": 928,
          "valueId": 3239,
          "isWebRefine": false,
          "languageCode": "en-GB",
          "lastModified": "0001-01-01T00:00:00"
        },
        {
          "name": "MAGAZINE",
          "value": "Not Applicable",
          "nameId": 960,
          "valueId": 3280,
          "isWebRefine": false,
          "languageCode": "en-GB",
          "lastModified": "0001-01-01T00:00:00"
        },
        {
          "name": "EXCLUSIVE",
          "value": "No",
          "nameId": 965,
          "valueId": 3438,
          "isWebRefine": false,
          "languageCode": "en-GB",
          "lastModified": "0001-01-01T00:00:00"
        },
        {
          "name": "FLOW",
          "value": "No",
          "nameId": 966,
          "valueId": 3476,
          "isWebRefine": false,
          "languageCode": "en-GB",
          "lastModified": "0001-01-01T00:00:00"
        },
        {
          "name": "ELECTRICAL EQUIPMENT",
          "value": "Not Applicable",
          "nameId": 967,
          "valueId": 3530,
          "isWebRefine": false,
          "languageCode": "en-GB",
          "lastModified": "0001-01-01T00:00:00"
        },
        {
          "name": "CARBON NEUTRAL",
          "value": "NO",
          "nameId": 971,
          "valueId": 3581,
          "isWebRefine": false,
          "languageCode": "en-GB",
          "lastModified": "0001-01-01T00:00:00"
        },
        {
          "name": "GOLD SEAL/BLIND GOLD SEAL",
          "value": "GOLD SEALED",
          "nameId": 974,
          "valueId": 3605,
          "isWebRefine": false,
          "languageCode": "en-GB",
          "lastModified": "0001-01-01T00:00:00"
        },
        {
          "name": "GIFTING",
          "value": "No",
          "nameId": 978,
          "valueId": 3631,
          "isWebRefine": false,
          "languageCode": "en-GB",
          "lastModified": "0001-01-01T00:00:00"
        },
        {
          "name": "CTL - STYLING ITEM",
          "value": "NO",
          "nameId": 984,
          "valueId": 3701,
          "isWebRefine": false,
          "languageCode": "en-GB",
          "lastModified": "0001-01-01T00:00:00"
        },
        {
          "name": "PRODUCT TYPE",
          "value": "Beauty",
          "nameId": 900,
          "valueId": 4029,
          "isWebRefine": true,
          "languageCode": "en-GB",
          "lastModified": "0001-01-01T00:00:00"
        },
        {
          "name": "COMMUNITY",
          "value": "No",
          "nameId": 1008,
          "valueId": 4204,
          "isWebRefine": false,
          "languageCode": "en-GB",
          "lastModified": "0001-01-01T00:00:00"
        },
        {
          "name": "STYLE DESTINATION",
          "value": "NOT CHINA",
          "nameId": 1010,
          "valueId": 4248,
          "isWebRefine": false,
          "languageCode": "en-GB",
          "lastModified": "0001-01-01T00:00:00"
        },
        {
          "name": "STYLE",
          "value": "Illuminators & Primers",
          "nameId": 989,
          "valueId": 5105,
          "isWebRefine": true,
          "languageCode": "en-GB",
          "lastModified": "0001-01-01T00:00:00"
        }
      ],
      "brandSizes": [
        {
          "name": "One Size",
          "schema": "UK",
          "text": "",
          "sortOrder": 2
        },
        {
          "name": "One Size",
          "schema": "US",
          "text": "",
          "sortOrder": 2
        },
        {
          "name": "One Size",
          "schema": "AU",
          "text": "",
          "sortOrder": 2
        }
      ],
      "refinementSizes": [
        {
          "id": 1917,
          "name": "One Size",
          "schema": "UK",
          "sortOrder": 170
        },
        {
          "id": 1917,
          "name": "One Size",
          "schema": "US",
          "sortOrder": 170
        },
        {
          "id": 1917,
          "name": "One Size",
          "schema": "AU",
          "sortOrder": 170
        }
      ],
      "isInStock": true,
      "isLowInStock": false,
      "price": {
        "currency": "GBP",
        "current": {
          "value": 17.5,
          "text": "£17.50"
        },
        "previous": {
          "value": 17.5,
          "text": "£17.50"
        },
        "rrp": {
          "value": 0.0,
          "text": "£0.00"
        },
        "isMarkedDown": false,
        "isOutletPrice": false
      },
      "weight": 27.0,
      "isPrimary": true,
      "navigateUrl": "/benefit/benefit-ooh-la-lift-under-eye-de-puffer/prd/445220",
      "isAvailable": true
    }
  ],
  "legacyMedia": {
    "images": [
      {
        "url": "http://images.asos-media.com/inv/media/9/1/2/5/445219/oohlalift/image1xs.jpg",
        "size": "xs",
        "colourCode": "NC1",
        "colour": "Ooh la lift",
        "isPrimary": true,
        "type": "Standard"
      },
      {
        "url": "http://images.asos-media.com/inv/media/9/1/2/5/445219/oohlalift/image1xl.jpg",
        "size": "s",
        "colourCode": "NC1",
        "colour": "Ooh la lift",
        "isPrimary": true,
        "type": "Standard"
      },
      {
        "url": "http://images.asos-media.com/inv/media/9/1/2/5/445219/oohlalift/image1l.jpg",
        "size": "l",
        "colourCode": "NC1",
        "colour": "Ooh la lift",
        "isPrimary": true,
        "type": "Standard"
      },
      {
        "url": "http://images.asos-media.com/inv/media/9/1/2/5/445219/oohlalift/image1xl.jpg",
        "size": "xl",
        "colourCode": "NC1",
        "colour": "Ooh la lift",
        "isPrimary": true,
        "type": "Standard"
      },
      {
        "url": "http://images.asos-media.com/inv/media/9/1/2/5/445219/oohlalift/image1xxl.jpg",
        "size": "xxl",
        "colourCode": "NC1",
        "colour": "Ooh la lift",
        "isPrimary": true,
        "type": "Standard"
      },
      {
        "url": "http://images.asos-media.com/inv/media/9/1/2/5/445219/image2s.jpg",
        "size": "s",
        "colourCode": "",
        "colour": "",
        "isPrimary": false,
        "type": "Standard"
      },
      {
        "url": "http://images.asos-media.com/inv/media/9/1/2/5/445219/image2xl.jpg",
        "size": "xl",
        "colourCode": "",
        "colour": "",
        "isPrimary": false,
        "type": "Standard"
      },
      {
        "url": "http://images.asos-media.com/inv/media/9/1/2/5/445219/image2xxl.jpg",
        "size": "xxl",
        "colourCode": "",
        "colour": "",
        "isPrimary": false,
        "type": "Standard"
      },
      {
        "url": "http://images.asos-media.com/inv/media/9/1/2/5/445219/image3s.jpg",
        "size": "s",
        "colourCode": "",
        "colour": "",
        "isPrimary": false,
        "type": "Standard"
      },
      {
        "url": "http://images.asos-media.com/inv/media/9/1/2/5/445219/image3xl.jpg",
        "size": "xl",
        "colourCode": "",
        "colour": "",
        "isPrimary": false,
        "type": "Standard"
      },
      {
        "url": "http://images.asos-media.com/inv/media/9/1/2/5/445219/image3xxl.jpg",
        "size": "xxl",
        "colourCode": "",
        "colour": "",
        "isPrimary": false,
        "type": "Standard"
      },
      {
        "url": "http://images.asos-media.com/inv/media/9/1/2/5/445219/image4s.jpg",
        "size": "s",
        "colourCode": "",
        "colour": "",
        "isPrimary": false,
        "type": "Standard"
      },
      {
        "url": "http://images.asos-media.com/inv/media/9/1/2/5/445219/image4xl.jpg",
        "size": "xl",
        "colourCode": "",
        "colour": "",
        "isPrimary": false,
        "type": "Standard"
      },
      {
        "url": "http://images.asos-media.com/inv/media/9/1/2/5/445219/image4xxl.jpg",
        "size": "xxl",
        "colourCode": "",
        "colour": "",
        "isPrimary": false,
        "type": "Standard"
      }
    ]
  },
  "media": {
    "images": [
      {
        "url": "s7testing-images.asos-media.com/products/benefit-ooh-la-lift-under-eye-de-puffer/445219-1-oohlalift",
        "colourCode": "NC1",
        "colour": "Ooh la lift",
        "isPrimary": true,
        "type": "Standard1"
      },
      {
        "url": "s7testing-images.asos-media.com/products/benefit-ooh-la-lift-under-eye-de-puffer/445219-2",
        "colourCode": "",
        "colour": "",
        "isPrimary": false,
        "type": "Standard2"
      },
      {
        "url": "s7testing-images.asos-media.com/products/benefit-ooh-la-lift-under-eye-de-puffer/445219-3",
        "colourCode": "",
        "colour": "",
        "isPrimary": false,
        "type": "Standard3"
      },
      {
        "url": "s7testing-images.asos-media.com/products/benefit-ooh-la-lift-under-eye-de-puffer/445219-4",
        "colourCode": "",
        "colour": "",
        "isPrimary": false,
        "type": "Standard4"
      }
    ],
    "catwalk": [],
    "spinSet": []
  },
  "webCategoryIds": [
    {
      "id": 1314
    },
    {
      "id": 5020
    },
    {
      "id": 13040
    },
    {
      "id": 13374
    },
    {
      "id": 16789
    },
    {
      "id": 17557
    },
    {
      "id": 19834
    },
    {
      "id": 22264
    }
  ],
  "navigateUrl": "/benefit/benefit-ooh-la-lift-under-eye-de-puffer/prd/445219",
  "statusId": 50000,
  "divisionId": 7,
  "isAvailable": true,
  "dateOnSite": "2016-09-26T09:00:28Z",
  "supplierRef": "IB22",
  "lastModified": "2016-10-16T17:37:46.2286767Z",
  "lastTranslationModified": "2016-10-05T11:24:14.187Z",
  "price": {
    "currency": "GBP",
    "current": {
      "value": 17.5,
      "text": "£17.50"
    },
    "previous": {
      "value": 0.0,
      "text": "£0.00"
    },
    "rrp": {
      "value": 0.0,
      "text": "£0.00"
    },
    "isMarkedDown": false,
    "isOutletPrice": false
  }
}