{
  "id": 1151730,
  "language": "en-GB",
  "name": "FIN Oslo for ASOS Zip Detail Slip Dress",
  "description": "<ul><li>Silky slip dress for ASOS. Featuring a zip-through design with contrast ruched trim and rivet detailing to the neck and back.<br><br>Model wears a UK 8 and her height is 177.5cm / 5'10\"</li></ul>",
  "fabricConstruction": "Woven",
  "materials": "100% Tencel",
  "additionalInfo": "100% Tencel",
  "brand": {
    "name": "FIN Oslo",
    "brandId": 12856
  },
  "careInfo": "hand wash, do not tumble dry, cool iron on reverse",
  "productCode": "ZWCDK1151730",
  "category": "Designer Collaborations",
  "categoryId": 325,
  "department": "Projects WO",
  "departmentId": 98,
  "division": "Womenswear",
  "isReturnable": true,
  "store": "COM",
  "isInStock": true,
  "variants": [
    {
      "id": 1151731,
      "colourCode": "PI1",
      "sku": "ZWCDK1151731",
      "colour": "Summer melon and ros",
      "attributes": [
        {
          "name": "PRODUCT TYPE",
          "value": "Dresses",
          "nameId": 900,
          "valueId": 1465,
          "isWebRefine": true,
          "languageCode": "en-GB",
          "lastModified": "0001-01-01T00:00:00"
        },
        {
          "name": "RETURNABLE",
          "value": "Yes",
          "nameId": 953,
          "valueId": 2625,
          "isWebRefine": false,
          "languageCode": "en-GB",
          "lastModified": "0001-01-01T00:00:00"
        },
        {
          "name": "SAMPLE SIZE",
          "value": "Size 8",
          "nameId": 956,
          "valueId": 2676,
          "isWebRefine": false,
          "languageCode": "en-GB",
          "lastModified": "0001-01-01T00:00:00"
        },
        {
          "name": "TREND (MEN'S)",
          "value": "Not Applicable",
          "nameId": 949,
          "valueId": 2753,
          "isWebRefine": false,
          "languageCode": "en-GB",
          "lastModified": "0001-01-01T00:00:00"
        },
        {
          "name": "TREND (WOMEN)",
          "value": "Not Applicable",
          "nameId": 950,
          "valueId": 2857,
          "isWebRefine": false,
          "languageCode": "en-GB",
          "lastModified": "0001-01-01T00:00:00"
        },
        {
          "name": "FEMALE MODELS",
          "value": "Tbc",
          "nameId": 952,
          "valueId": 2993,
          "isWebRefine": false,
          "languageCode": "en-GB",
          "lastModified": "2011-06-10T06:36:46.633Z"
        },
        {
          "name": "MALE MODELS",
          "value": "Not Applicable",
          "nameId": 951,
          "valueId": 2996,
          "isWebRefine": false,
          "languageCode": "en-GB",
          "lastModified": "2011-06-10T06:36:46.643Z"
        },
        {
          "name": "COTTON INITIATIVE",
          "value": "Not Applicable",
          "nameId": 921,
          "valueId": 3230,
          "isWebRefine": false,
          "languageCode": "en-GB",
          "lastModified": "0001-01-01T00:00:00"
        },
        {
          "name": "ECO EDIT",
          "value": "Not Applicable",
          "nameId": 928,
          "valueId": 3239,
          "isWebRefine": false,
          "languageCode": "en-GB",
          "lastModified": "0001-01-01T00:00:00"
        },
        {
          "name": "LEATHER/NON LEATHER",
          "value": "Not Applicable",
          "nameId": 911,
          "valueId": 3252,
          "isWebRefine": true,
          "languageCode": "en-GB",
          "lastModified": "0001-01-01T00:00:00"
        },
        {
          "name": "HEEL HEIGHT",
          "value": "Not Applicable",
          "nameId": 929,
          "valueId": 3256,
          "isWebRefine": true,
          "languageCode": "en-GB",
          "lastModified": "0001-01-01T00:00:00"
        },
        {
          "name": "MAGAZINE",
          "value": "Not Applicable",
          "nameId": 960,
          "valueId": 3280,
          "isWebRefine": false,
          "languageCode": "en-GB",
          "lastModified": "0001-01-01T00:00:00"
        },
        {
          "name": "SLEEVE LENGTH",
          "value": "Not Applicable",
          "nameId": 961,
          "valueId": 3321,
          "isWebRefine": true,
          "languageCode": "en-GB",
          "lastModified": "0001-01-01T00:00:00"
        },
        {
          "name": "GOLD SEAL/BLIND GOLD SEAL",
          "value": "Not Applicable",
          "nameId": 974,
          "valueId": 3604,
          "isWebRefine": false,
          "languageCode": "en-GB",
          "lastModified": "0001-01-01T00:00:00"
        },
        {
          "name": "LENGTH",
          "value": "Mini",
          "nameId": 981,
          "valueId": 3677,
          "isWebRefine": true,
          "languageCode": "en-GB",
          "lastModified": "0001-01-01T00:00:00"
        },
        {
          "name": "DRESS TYPE",
          "value": "Occasion Dresses",
          "nameId": 1012,
          "valueId": 4461,
          "isWebRefine": true,
          "languageCode": "en-GB",
          "lastModified": "0001-01-01T00:00:00"
        },
        {
          "name": "CO-ORDINATE",
          "value": "Not Applicable",
          "nameId": 1016,
          "valueId": 5150,
          "isWebRefine": false,
          "languageCode": "en-GB",
          "lastModified": "0001-01-01T00:00:00"
        },
        {
          "name": "EXCLUSIVE",
          "value": "Not Applicable",
          "nameId": 965,
          "valueId": 5456,
          "isWebRefine": false,
          "languageCode": "en-GB",
          "lastModified": "0001-01-01T00:00:00"
        },
        {
          "name": "FLOW",
          "value": "Not Applicable",
          "nameId": 966,
          "valueId": 5459,
          "isWebRefine": false,
          "languageCode": "en-GB",
          "lastModified": "0001-01-01T00:00:00"
        },
        {
          "name": "STYLE DESTINATION",
          "value": "Not Applicable",
          "nameId": 1010,
          "valueId": 5461,
          "isWebRefine": false,
          "languageCode": "en-GB",
          "lastModified": "0001-01-01T00:00:00"
        },
        {
          "name": "COMMUNITY",
          "value": "Not Applicable",
          "nameId": 1008,
          "valueId": 5462,
          "isWebRefine": false,
          "languageCode": "en-GB",
          "lastModified": "0001-01-01T00:00:00"
        },
        {
          "name": "CARBON NEUTRAL",
          "value": "Not Applicable",
          "nameId": 971,
          "valueId": 5463,
          "isWebRefine": false,
          "languageCode": "en-GB",
          "lastModified": "0001-01-01T00:00:00"
        },
        {
          "name": "CTL - STYLING ITEM",
          "value": "Not Applicable",
          "nameId": 984,
          "valueId": 5464,
          "isWebRefine": false,
          "languageCode": "en-GB",
          "lastModified": "0001-01-01T00:00:00"
        },
        {
          "name": "CARE LABELS",
          "value": "Not Applicable",
          "nameId": 943,
          "valueId": 5465,
          "isWebRefine": false,
          "languageCode": "en-GB",
          "lastModified": "0001-01-01T00:00:00"
        },
        {
          "name": "VALUE/HIGH STREET/PREMIUM",
          "value": "Not Applicable",
          "nameId": 954,
          "valueId": 5472,
          "isWebRefine": false,
          "languageCode": "en-GB",
          "lastModified": "0001-01-01T00:00:00"
        },
        {
          "name": "SELLING PERIOD",
          "value": "Not Applicable",
          "nameId": 944,
          "valueId": 5473,
          "isWebRefine": false,
          "languageCode": "en-GB",
          "lastModified": "0001-01-01T00:00:00"
        },
        {
          "name": "ORIGINAL SEASON",
          "value": "Not Applicable",
          "nameId": 955,
          "valueId": 5475,
          "isWebRefine": false,
          "languageCode": "en-GB",
          "lastModified": "0001-01-01T00:00:00"
        },
        {
          "name": "SEASONAL EVENT",
          "value": "Not Applicable",
          "nameId": 1020,
          "valueId": 5994,
          "isWebRefine": false,
          "languageCode": "en-GB",
          "lastModified": "0001-01-01T00:00:00"
        },
        {
          "name": "BACK TO SCHOOL",
          "value": "Not Applicable",
          "nameId": 1021,
          "valueId": 5995,
          "isWebRefine": false,
          "languageCode": "en-GB",
          "lastModified": "0001-01-01T00:00:00"
        },
        {
          "name": "FESTIVAL",
          "value": "Not Applicable",
          "nameId": 1022,
          "valueId": 5999,
          "isWebRefine": false,
          "languageCode": "en-GB",
          "lastModified": "0001-01-01T00:00:00"
        },
        {
          "name": "FABRIC TYPE",
          "value": "Woven",
          "nameId": 1023,
          "valueId": 6001,
          "isWebRefine": false,
          "languageCode": "en-GB",
          "lastModified": "0001-01-01T00:00:00"
        },
        {
          "name": "OCCASION & GOING OUT",
          "value": "Not Applicable",
          "nameId": 1024,
          "valueId": 6022,
          "isWebRefine": false,
          "languageCode": "en-GB",
          "lastModified": "0001-01-01T00:00:00"
        },
        {
          "name": "STYLE",
          "value": "Slip Dresses",
          "nameId": 989,
          "valueId": 6326,
          "isWebRefine": true,
          "languageCode": "en-GB",
          "lastModified": "0001-01-01T00:00:00"
        },
        {
          "name": "PATTERN",
          "value": "Print - DO NOT USE",
          "nameId": 925,
          "valueId": 6624,
          "isWebRefine": false,
          "languageCode": "en-GB",
          "lastModified": "0001-01-01T00:00:00"
        },
        {
          "name": "SHOP BY FIT",
          "value": "Main Collection",
          "nameId": 1027,
          "valueId": 6764,
          "isWebRefine": true,
          "languageCode": "en-GB",
          "lastModified": "0001-01-01T00:00:00"
        },
        {
          "name": "CUSTOMER SEGMENTATION",
          "value": "Not Applicable",
          "nameId": 1033,
          "valueId": 7091,
          "isWebRefine": false,
          "languageCode": "en-GB",
          "lastModified": "0001-01-01T00:00:00"
        },
        {
          "name": "COUNTER SEASONAL",
          "value": "Not Applicable",
          "nameId": 1034,
          "valueId": 7118,
          "isWebRefine": true,
          "languageCode": "en-GB",
          "lastModified": "0001-01-01T00:00:00"
        },
        {
          "name": "CASUAL",
          "value": "Not Applicable",
          "nameId": 1035,
          "valueId": 7360,
          "isWebRefine": false,
          "languageCode": "en-GB",
          "lastModified": "0001-01-01T00:00:00"
        }
      ],
      "brandSizes": [
        {
          "name": "UK 6",
          "schema": "UK",
          "text": "",
          "sortOrder": 44
        },
        {
          "name": "US 2",
          "schema": "US",
          "text": "",
          "sortOrder": 44
        },
        {
          "name": "AU 6",
          "schema": "AU",
          "text": "",
          "sortOrder": 44
        }
      ],
      "refinementSizes": [
        {
          "id": 1924,
          "name": "UK 6",
          "schema": "UK",
          "sortOrder": 13
        },
        {
          "id": 1924,
          "name": "US 2",
          "schema": "US",
          "sortOrder": 13
        },
        {
          "id": 1924,
          "name": "AU 6",
          "schema": "AU",
          "sortOrder": 13
        }
      ],
      "isInStock": true,
      "isLowInStock": false,
      "price": {
        "currency": "GBP",
        "current": {
          "value": 33.0,
          "text": "£33.00"
        },
        "previous": {
          "value": 140.0,
          "text": "£140.00"
        },
        "rrp": {
          "value": 0.0,
          "text": "£0.00"
        },
        "isMarkedDown": true,
        "isOutletPrice": false
      },
      "weight": 267.0,
      "isPrimary": false,
      "navigateUrl": "/fin-oslo/fin-oslo-for-asos-zip-detail-slip-dress/prd/1151731",
      "isAvailable": true
    },
    {
      "id": 1151732,
      "colourCode": "PI1",
      "sku": "ZWCDK1151732",
      "colour": "Summer melon and ros",
      "attributes": [
        {
          "name": "PRODUCT TYPE",
          "value": "Dresses",
          "nameId": 900,
          "valueId": 1465,
          "isWebRefine": true,
          "languageCode": "en-GB",
          "lastModified": "0001-01-01T00:00:00"
        },
        {
          "name": "RETURNABLE",
          "value": "Yes",
          "nameId": 953,
          "valueId": 2625,
          "isWebRefine": false,
          "languageCode": "en-GB",
          "lastModified": "0001-01-01T00:00:00"
        },
        {
          "name": "SAMPLE SIZE",
          "value": "Size 8",
          "nameId": 956,
          "valueId": 2676,
          "isWebRefine": false,
          "languageCode": "en-GB",
          "lastModified": "0001-01-01T00:00:00"
        },
        {
          "name": "TREND (MEN'S)",
          "value": "Not Applicable",
          "nameId": 949,
          "valueId": 2753,
          "isWebRefine": false,
          "languageCode": "en-GB",
          "lastModified": "0001-01-01T00:00:00"
        },
        {
          "name": "TREND (WOMEN)",
          "value": "Not Applicable",
          "nameId": 950,
          "valueId": 2857,
          "isWebRefine": false,
          "languageCode": "en-GB",
          "lastModified": "0001-01-01T00:00:00"
        },
        {
          "name": "FEMALE MODELS",
          "value": "Tbc",
          "nameId": 952,
          "valueId": 2993,
          "isWebRefine": false,
          "languageCode": "en-GB",
          "lastModified": "2011-06-10T06:36:46.633Z"
        },
        {
          "name": "MALE MODELS",
          "value": "Not Applicable",
          "nameId": 951,
          "valueId": 2996,
          "isWebRefine": false,
          "languageCode": "en-GB",
          "lastModified": "2011-06-10T06:36:46.643Z"
        },
        {
          "name": "COTTON INITIATIVE",
          "value": "Not Applicable",
          "nameId": 921,
          "valueId": 3230,
          "isWebRefine": false,
          "languageCode": "en-GB",
          "lastModified": "0001-01-01T00:00:00"
        },
        {
          "name": "ECO EDIT",
          "value": "Not Applicable",
          "nameId": 928,
          "valueId": 3239,
          "isWebRefine": false,
          "languageCode": "en-GB",
          "lastModified": "0001-01-01T00:00:00"
        },
        {
          "name": "LEATHER/NON LEATHER",
          "value": "Not Applicable",
          "nameId": 911,
          "valueId": 3252,
          "isWebRefine": true,
          "languageCode": "en-GB",
          "lastModified": "0001-01-01T00:00:00"
        },
        {
          "name": "HEEL HEIGHT",
          "value": "Not Applicable",
          "nameId": 929,
          "valueId": 3256,
          "isWebRefine": true,
          "languageCode": "en-GB",
          "lastModified": "0001-01-01T00:00:00"
        },
        {
          "name": "MAGAZINE",
          "value": "Not Applicable",
          "nameId": 960,
          "valueId": 3280,
          "isWebRefine": false,
          "languageCode": "en-GB",
          "lastModified": "0001-01-01T00:00:00"
        },
        {
          "name": "SLEEVE LENGTH",
          "value": "Not Applicable",
          "nameId": 961,
          "valueId": 3321,
          "isWebRefine": true,
          "languageCode": "en-GB",
          "lastModified": "0001-01-01T00:00:00"
        },
        {
          "name": "GOLD SEAL/BLIND GOLD SEAL",
          "value": "Not Applicable",
          "nameId": 974,
          "valueId": 3604,
          "isWebRefine": false,
          "languageCode": "en-GB",
          "lastModified": "0001-01-01T00:00:00"
        },
        {
          "name": "LENGTH",
          "value": "Mini",
          "nameId": 981,
          "valueId": 3677,
          "isWebRefine": true,
          "languageCode": "en-GB",
          "lastModified": "0001-01-01T00:00:00"
        },
        {
          "name": "DRESS TYPE",
          "value": "Occasion Dresses",
          "nameId": 1012,
          "valueId": 4461,
          "isWebRefine": true,
          "languageCode": "en-GB",
          "lastModified": "0001-01-01T00:00:00"
        },
        {
          "name": "CO-ORDINATE",
          "value": "Not Applicable",
          "nameId": 1016,
          "valueId": 5150,
          "isWebRefine": false,
          "languageCode": "en-GB",
          "lastModified": "0001-01-01T00:00:00"
        },
        {
          "name": "EXCLUSIVE",
          "value": "Not Applicable",
          "nameId": 965,
          "valueId": 5456,
          "isWebRefine": false,
          "languageCode": "en-GB",
          "lastModified": "0001-01-01T00:00:00"
        },
        {
          "name": "FLOW",
          "value": "Not Applicable",
          "nameId": 966,
          "valueId": 5459,
          "isWebRefine": false,
          "languageCode": "en-GB",
          "lastModified": "0001-01-01T00:00:00"
        },
        {
          "name": "STYLE DESTINATION",
          "value": "Not Applicable",
          "nameId": 1010,
          "valueId": 5461,
          "isWebRefine": false,
          "languageCode": "en-GB",
          "lastModified": "0001-01-01T00:00:00"
        },
        {
          "name": "COMMUNITY",
          "value": "Not Applicable",
          "nameId": 1008,
          "valueId": 5462,
          "isWebRefine": false,
          "languageCode": "en-GB",
          "lastModified": "0001-01-01T00:00:00"
        },
        {
          "name": "CARBON NEUTRAL",
          "value": "Not Applicable",
          "nameId": 971,
          "valueId": 5463,
          "isWebRefine": false,
          "languageCode": "en-GB",
          "lastModified": "0001-01-01T00:00:00"
        },
        {
          "name": "CTL - STYLING ITEM",
          "value": "Not Applicable",
          "nameId": 984,
          "valueId": 5464,
          "isWebRefine": false,
          "languageCode": "en-GB",
          "lastModified": "0001-01-01T00:00:00"
        },
        {
          "name": "CARE LABELS",
          "value": "Not Applicable",
          "nameId": 943,
          "valueId": 5465,
          "isWebRefine": false,
          "languageCode": "en-GB",
          "lastModified": "0001-01-01T00:00:00"
        },
        {
          "name": "VALUE/HIGH STREET/PREMIUM",
          "value": "Not Applicable",
          "nameId": 954,
          "valueId": 5472,
          "isWebRefine": false,
          "languageCode": "en-GB",
          "lastModified": "0001-01-01T00:00:00"
        },
        {
          "name": "SELLING PERIOD",
          "value": "Not Applicable",
          "nameId": 944,
          "valueId": 5473,
          "isWebRefine": false,
          "languageCode": "en-GB",
          "lastModified": "0001-01-01T00:00:00"
        },
        {
          "name": "ORIGINAL SEASON",
          "value": "Not Applicable",
          "nameId": 955,
          "valueId": 5475,
          "isWebRefine": false,
          "languageCode": "en-GB",
          "lastModified": "0001-01-01T00:00:00"
        },
        {
          "name": "SEASONAL EVENT",
          "value": "Not Applicable",
          "nameId": 1020,
          "valueId": 5994,
          "isWebRefine": false,
          "languageCode": "en-GB",
          "lastModified": "0001-01-01T00:00:00"
        },
        {
          "name": "BACK TO SCHOOL",
          "value": "Not Applicable",
          "nameId": 1021,
          "valueId": 5995,
          "isWebRefine": false,
          "languageCode": "en-GB",
          "lastModified": "0001-01-01T00:00:00"
        },
        {
          "name": "FESTIVAL",
          "value": "Not Applicable",
          "nameId": 1022,
          "valueId": 5999,
          "isWebRefine": false,
          "languageCode": "en-GB",
          "lastModified": "0001-01-01T00:00:00"
        },
        {
          "name": "FABRIC TYPE",
          "value": "Woven",
          "nameId": 1023,
          "valueId": 6001,
          "isWebRefine": false,
          "languageCode": "en-GB",
          "lastModified": "0001-01-01T00:00:00"
        },
        {
          "name": "OCCASION & GOING OUT",
          "value": "Not Applicable",
          "nameId": 1024,
          "valueId": 6022,
          "isWebRefine": false,
          "languageCode": "en-GB",
          "lastModified": "0001-01-01T00:00:00"
        },
        {
          "name": "STYLE",
          "value": "Slip Dresses",
          "nameId": 989,
          "valueId": 6326,
          "isWebRefine": true,
          "languageCode": "en-GB",
          "lastModified": "0001-01-01T00:00:00"
        },
        {
          "name": "PATTERN",
          "value": "Print - DO NOT USE",
          "nameId": 925,
          "valueId": 6624,
          "isWebRefine": false,
          "languageCode": "en-GB",
          "lastModified": "0001-01-01T00:00:00"
        },
        {
          "name": "SHOP BY FIT",
          "value": "Main Collection",
          "nameId": 1027,
          "valueId": 6764,
          "isWebRefine": true,
          "languageCode": "en-GB",
          "lastModified": "0001-01-01T00:00:00"
        },
        {
          "name": "CUSTOMER SEGMENTATION",
          "value": "Not Applicable",
          "nameId": 1033,
          "valueId": 7091,
          "isWebRefine": false,
          "languageCode": "en-GB",
          "lastModified": "0001-01-01T00:00:00"
        },
        {
          "name": "COUNTER SEASONAL",
          "value": "Not Applicable",
          "nameId": 1034,
          "valueId": 7118,
          "isWebRefine": true,
          "languageCode": "en-GB",
          "lastModified": "0001-01-01T00:00:00"
        },
        {
          "name": "CASUAL",
          "value": "Not Applicable",
          "nameId": 1035,
          "valueId": 7360,
          "isWebRefine": false,
          "languageCode": "en-GB",
          "lastModified": "0001-01-01T00:00:00"
        }
      ],
      "brandSizes": [
        {
          "name": "UK 8",
          "schema": "UK",
          "text": "",
          "sortOrder": 46
        },
        {
          "name": "US 4",
          "schema": "US",
          "text": "",
          "sortOrder": 46
        },
        {
          "name": "AU 8",
          "schema": "AU",
          "text": "",
          "sortOrder": 46
        }
      ],
      "refinementSizes": [
        {
          "id": 1880,
          "name": "UK 8",
          "schema": "UK",
          "sortOrder": 20
        },
        {
          "id": 1880,
          "name": "US 4",
          "schema": "US",
          "sortOrder": 20
        },
        {
          "id": 1880,
          "name": "AU 8",
          "schema": "AU",
          "sortOrder": 20
        }
      ],
      "isInStock": true,
      "isLowInStock": false,
      "price": {
        "currency": "GBP",
        "current": {
          "value": 33.0,
          "text": "£33.00"
        },
        "previous": {
          "value": 140.0,
          "text": "£140.00"
        },
        "rrp": {
          "value": 0.0,
          "text": "£0.00"
        },
        "isMarkedDown": true,
        "isOutletPrice": false
      },
      "weight": 267.0,
      "isPrimary": false,
      "navigateUrl": "/fin-oslo/fin-oslo-for-asos-zip-detail-slip-dress/prd/1151732",
      "isAvailable": true
    },
    {
      "id": 1151733,
      "colourCode": "PI1",
      "sku": "ZWCDK1151733",
      "colour": "Summer melon and ros",
      "attributes": [
        {
          "name": "PRODUCT TYPE",
          "value": "Dresses",
          "nameId": 900,
          "valueId": 1465,
          "isWebRefine": true,
          "languageCode": "en-GB",
          "lastModified": "0001-01-01T00:00:00"
        },
        {
          "name": "RETURNABLE",
          "value": "Yes",
          "nameId": 953,
          "valueId": 2625,
          "isWebRefine": false,
          "languageCode": "en-GB",
          "lastModified": "0001-01-01T00:00:00"
        },
        {
          "name": "SAMPLE SIZE",
          "value": "Size 8",
          "nameId": 956,
          "valueId": 2676,
          "isWebRefine": false,
          "languageCode": "en-GB",
          "lastModified": "0001-01-01T00:00:00"
        },
        {
          "name": "TREND (MEN'S)",
          "value": "Not Applicable",
          "nameId": 949,
          "valueId": 2753,
          "isWebRefine": false,
          "languageCode": "en-GB",
          "lastModified": "0001-01-01T00:00:00"
        },
        {
          "name": "TREND (WOMEN)",
          "value": "Not Applicable",
          "nameId": 950,
          "valueId": 2857,
          "isWebRefine": false,
          "languageCode": "en-GB",
          "lastModified": "0001-01-01T00:00:00"
        },
        {
          "name": "FEMALE MODELS",
          "value": "Tbc",
          "nameId": 952,
          "valueId": 2993,
          "isWebRefine": false,
          "languageCode": "en-GB",
          "lastModified": "2011-06-10T06:36:46.633Z"
        },
        {
          "name": "MALE MODELS",
          "value": "Not Applicable",
          "nameId": 951,
          "valueId": 2996,
          "isWebRefine": false,
          "languageCode": "en-GB",
          "lastModified": "2011-06-10T06:36:46.643Z"
        },
        {
          "name": "COTTON INITIATIVE",
          "value": "Not Applicable",
          "nameId": 921,
          "valueId": 3230,
          "isWebRefine": false,
          "languageCode": "en-GB",
          "lastModified": "0001-01-01T00:00:00"
        },
        {
          "name": "ECO EDIT",
          "value": "Not Applicable",
          "nameId": 928,
          "valueId": 3239,
          "isWebRefine": false,
          "languageCode": "en-GB",
          "lastModified": "0001-01-01T00:00:00"
        },
        {
          "name": "LEATHER/NON LEATHER",
          "value": "Not Applicable",
          "nameId": 911,
          "valueId": 3252,
          "isWebRefine": true,
          "languageCode": "en-GB",
          "lastModified": "0001-01-01T00:00:00"
        },
        {
          "name": "HEEL HEIGHT",
          "value": "Not Applicable",
          "nameId": 929,
          "valueId": 3256,
          "isWebRefine": true,
          "languageCode": "en-GB",
          "lastModified": "0001-01-01T00:00:00"
        },
        {
          "name": "MAGAZINE",
          "value": "Not Applicable",
          "nameId": 960,
          "valueId": 3280,
          "isWebRefine": false,
          "languageCode": "en-GB",
          "lastModified": "0001-01-01T00:00:00"
        },
        {
          "name": "SLEEVE LENGTH",
          "value": "Not Applicable",
          "nameId": 961,
          "valueId": 3321,
          "isWebRefine": true,
          "languageCode": "en-GB",
          "lastModified": "0001-01-01T00:00:00"
        },
        {
          "name": "GOLD SEAL/BLIND GOLD SEAL",
          "value": "Not Applicable",
          "nameId": 974,
          "valueId": 3604,
          "isWebRefine": false,
          "languageCode": "en-GB",
          "lastModified": "0001-01-01T00:00:00"
        },
        {
          "name": "LENGTH",
          "value": "Mini",
          "nameId": 981,
          "valueId": 3677,
          "isWebRefine": true,
          "languageCode": "en-GB",
          "lastModified": "0001-01-01T00:00:00"
        },
        {
          "name": "DRESS TYPE",
          "value": "Occasion Dresses",
          "nameId": 1012,
          "valueId": 4461,
          "isWebRefine": true,
          "languageCode": "en-GB",
          "lastModified": "0001-01-01T00:00:00"
        },
        {
          "name": "CO-ORDINATE",
          "value": "Not Applicable",
          "nameId": 1016,
          "valueId": 5150,
          "isWebRefine": false,
          "languageCode": "en-GB",
          "lastModified": "0001-01-01T00:00:00"
        },
        {
          "name": "EXCLUSIVE",
          "value": "Not Applicable",
          "nameId": 965,
          "valueId": 5456,
          "isWebRefine": false,
          "languageCode": "en-GB",
          "lastModified": "0001-01-01T00:00:00"
        },
        {
          "name": "FLOW",
          "value": "Not Applicable",
          "nameId": 966,
          "valueId": 5459,
          "isWebRefine": false,
          "languageCode": "en-GB",
          "lastModified": "0001-01-01T00:00:00"
        },
        {
          "name": "STYLE DESTINATION",
          "value": "Not Applicable",
          "nameId": 1010,
          "valueId": 5461,
          "isWebRefine": false,
          "languageCode": "en-GB",
          "lastModified": "0001-01-01T00:00:00"
        },
        {
          "name": "COMMUNITY",
          "value": "Not Applicable",
          "nameId": 1008,
          "valueId": 5462,
          "isWebRefine": false,
          "languageCode": "en-GB",
          "lastModified": "0001-01-01T00:00:00"
        },
        {
          "name": "CARBON NEUTRAL",
          "value": "Not Applicable",
          "nameId": 971,
          "valueId": 5463,
          "isWebRefine": false,
          "languageCode": "en-GB",
          "lastModified": "0001-01-01T00:00:00"
        },
        {
          "name": "CTL - STYLING ITEM",
          "value": "Not Applicable",
          "nameId": 984,
          "valueId": 5464,
          "isWebRefine": false,
          "languageCode": "en-GB",
          "lastModified": "0001-01-01T00:00:00"
        },
        {
          "name": "CARE LABELS",
          "value": "Not Applicable",
          "nameId": 943,
          "valueId": 5465,
          "isWebRefine": false,
          "languageCode": "en-GB",
          "lastModified": "0001-01-01T00:00:00"
        },
        {
          "name": "VALUE/HIGH STREET/PREMIUM",
          "value": "Not Applicable",
          "nameId": 954,
          "valueId": 5472,
          "isWebRefine": false,
          "languageCode": "en-GB",
          "lastModified": "0001-01-01T00:00:00"
        },
        {
          "name": "SELLING PERIOD",
          "value": "Not Applicable",
          "nameId": 944,
          "valueId": 5473,
          "isWebRefine": false,
          "languageCode": "en-GB",
          "lastModified": "0001-01-01T00:00:00"
        },
        {
          "name": "ORIGINAL SEASON",
          "value": "Not Applicable",
          "nameId": 955,
          "valueId": 5475,
          "isWebRefine": false,
          "languageCode": "en-GB",
          "lastModified": "0001-01-01T00:00:00"
        },
        {
          "name": "SEASONAL EVENT",
          "value": "Not Applicable",
          "nameId": 1020,
          "valueId": 5994,
          "isWebRefine": false,
          "languageCode": "en-GB",
          "lastModified": "0001-01-01T00:00:00"
        },
        {
          "name": "BACK TO SCHOOL",
          "value": "Not Applicable",
          "nameId": 1021,
          "valueId": 5995,
          "isWebRefine": false,
          "languageCode": "en-GB",
          "lastModified": "0001-01-01T00:00:00"
        },
        {
          "name": "FESTIVAL",
          "value": "Not Applicable",
          "nameId": 1022,
          "valueId": 5999,
          "isWebRefine": false,
          "languageCode": "en-GB",
          "lastModified": "0001-01-01T00:00:00"
        },
        {
          "name": "FABRIC TYPE",
          "value": "Woven",
          "nameId": 1023,
          "valueId": 6001,
          "isWebRefine": false,
          "languageCode": "en-GB",
          "lastModified": "0001-01-01T00:00:00"
        },
        {
          "name": "OCCASION & GOING OUT",
          "value": "Not Applicable",
          "nameId": 1024,
          "valueId": 6022,
          "isWebRefine": false,
          "languageCode": "en-GB",
          "lastModified": "0001-01-01T00:00:00"
        },
        {
          "name": "STYLE",
          "value": "Slip Dresses",
          "nameId": 989,
          "valueId": 6326,
          "isWebRefine": true,
          "languageCode": "en-GB",
          "lastModified": "0001-01-01T00:00:00"
        },
        {
          "name": "PATTERN",
          "value": "Print - DO NOT USE",
          "nameId": 925,
          "valueId": 6624,
          "isWebRefine": false,
          "languageCode": "en-GB",
          "lastModified": "0001-01-01T00:00:00"
        },
        {
          "name": "SHOP BY FIT",
          "value": "Main Collection",
          "nameId": 1027,
          "valueId": 6764,
          "isWebRefine": true,
          "languageCode": "en-GB",
          "lastModified": "0001-01-01T00:00:00"
        },
        {
          "name": "CUSTOMER SEGMENTATION",
          "value": "Not Applicable",
          "nameId": 1033,
          "valueId": 7091,
          "isWebRefine": false,
          "languageCode": "en-GB",
          "lastModified": "0001-01-01T00:00:00"
        },
        {
          "name": "COUNTER SEASONAL",
          "value": "Not Applicable",
          "nameId": 1034,
          "valueId": 7118,
          "isWebRefine": true,
          "languageCode": "en-GB",
          "lastModified": "0001-01-01T00:00:00"
        },
        {
          "name": "CASUAL",
          "value": "Not Applicable",
          "nameId": 1035,
          "valueId": 7360,
          "isWebRefine": false,
          "languageCode": "en-GB",
          "lastModified": "0001-01-01T00:00:00"
        }
      ],
      "brandSizes": [
        {
          "name": "UK 10",
          "schema": "UK",
          "text": "",
          "sortOrder": 48
        },
        {
          "name": "US 6",
          "schema": "US",
          "text": "",
          "sortOrder": 48
        },
        {
          "name": "AU 10",
          "schema": "AU",
          "text": "",
          "sortOrder": 48
        }
      ],
      "refinementSizes": [
        {
          "id": 1944,
          "name": "UK 10",
          "schema": "UK",
          "sortOrder": 27
        },
        {
          "id": 1944,
          "name": "US 6",
          "schema": "US",
          "sortOrder": 27
        },
        {
          "id": 1944,
          "name": "AU 10",
          "schema": "AU",
          "sortOrder": 27
        }
      ],
      "isInStock": true,
      "isLowInStock": false,
      "price": {
        "currency": "GBP",
        "current": {
          "value": 33.0,
          "text": "£33.00"
        },
        "previous": {
          "value": 140.0,
          "text": "£140.00"
        },
        "rrp": {
          "value": 0.0,
          "text": "£0.00"
        },
        "isMarkedDown": true,
        "isOutletPrice": false
      },
      "weight": 267.0,
      "isPrimary": false,
      "navigateUrl": "/fin-oslo/fin-oslo-for-asos-zip-detail-slip-dress/prd/1151733",
      "isAvailable": true
    },
    {
      "id": 1151734,
      "colourCode": "PI1",
      "sku": "ZWCDK1151734",
      "colour": "Summer melon and ros",
      "attributes": [
        {
          "name": "PRODUCT TYPE",
          "value": "Dresses",
          "nameId": 900,
          "valueId": 1465,
          "isWebRefine": true,
          "languageCode": "en-GB",
          "lastModified": "0001-01-01T00:00:00"
        },
        {
          "name": "RETURNABLE",
          "value": "Yes",
          "nameId": 953,
          "valueId": 2625,
          "isWebRefine": false,
          "languageCode": "en-GB",
          "lastModified": "0001-01-01T00:00:00"
        },
        {
          "name": "SAMPLE SIZE",
          "value": "Size 8",
          "nameId": 956,
          "valueId": 2676,
          "isWebRefine": false,
          "languageCode": "en-GB",
          "lastModified": "0001-01-01T00:00:00"
        },
        {
          "name": "TREND (MEN'S)",
          "value": "Not Applicable",
          "nameId": 949,
          "valueId": 2753,
          "isWebRefine": false,
          "languageCode": "en-GB",
          "lastModified": "0001-01-01T00:00:00"
        },
        {
          "name": "TREND (WOMEN)",
          "value": "Not Applicable",
          "nameId": 950,
          "valueId": 2857,
          "isWebRefine": false,
          "languageCode": "en-GB",
          "lastModified": "0001-01-01T00:00:00"
        },
        {
          "name": "FEMALE MODELS",
          "value": "Tbc",
          "nameId": 952,
          "valueId": 2993,
          "isWebRefine": false,
          "languageCode": "en-GB",
          "lastModified": "2011-06-10T06:36:46.633Z"
        },
        {
          "name": "MALE MODELS",
          "value": "Not Applicable",
          "nameId": 951,
          "valueId": 2996,
          "isWebRefine": false,
          "languageCode": "en-GB",
          "lastModified": "2011-06-10T06:36:46.643Z"
        },
        {
          "name": "COTTON INITIATIVE",
          "value": "Not Applicable",
          "nameId": 921,
          "valueId": 3230,
          "isWebRefine": false,
          "languageCode": "en-GB",
          "lastModified": "0001-01-01T00:00:00"
        },
        {
          "name": "ECO EDIT",
          "value": "Not Applicable",
          "nameId": 928,
          "valueId": 3239,
          "isWebRefine": false,
          "languageCode": "en-GB",
          "lastModified": "0001-01-01T00:00:00"
        },
        {
          "name": "LEATHER/NON LEATHER",
          "value": "Not Applicable",
          "nameId": 911,
          "valueId": 3252,
          "isWebRefine": true,
          "languageCode": "en-GB",
          "lastModified": "0001-01-01T00:00:00"
        },
        {
          "name": "HEEL HEIGHT",
          "value": "Not Applicable",
          "nameId": 929,
          "valueId": 3256,
          "isWebRefine": true,
          "languageCode": "en-GB",
          "lastModified": "0001-01-01T00:00:00"
        },
        {
          "name": "MAGAZINE",
          "value": "Not Applicable",
          "nameId": 960,
          "valueId": 3280,
          "isWebRefine": false,
          "languageCode": "en-GB",
          "lastModified": "0001-01-01T00:00:00"
        },
        {
          "name": "SLEEVE LENGTH",
          "value": "Not Applicable",
          "nameId": 961,
          "valueId": 3321,
          "isWebRefine": true,
          "languageCode": "en-GB",
          "lastModified": "0001-01-01T00:00:00"
        },
        {
          "name": "GOLD SEAL/BLIND GOLD SEAL",
          "value": "Not Applicable",
          "nameId": 974,
          "valueId": 3604,
          "isWebRefine": false,
          "languageCode": "en-GB",
          "lastModified": "0001-01-01T00:00:00"
        },
        {
          "name": "LENGTH",
          "value": "Mini",
          "nameId": 981,
          "valueId": 3677,
          "isWebRefine": true,
          "languageCode": "en-GB",
          "lastModified": "0001-01-01T00:00:00"
        },
        {
          "name": "DRESS TYPE",
          "value": "Occasion Dresses",
          "nameId": 1012,
          "valueId": 4461,
          "isWebRefine": true,
          "languageCode": "en-GB",
          "lastModified": "0001-01-01T00:00:00"
        },
        {
          "name": "CO-ORDINATE",
          "value": "Not Applicable",
          "nameId": 1016,
          "valueId": 5150,
          "isWebRefine": false,
          "languageCode": "en-GB",
          "lastModified": "0001-01-01T00:00:00"
        },
        {
          "name": "EXCLUSIVE",
          "value": "Not Applicable",
          "nameId": 965,
          "valueId": 5456,
          "isWebRefine": false,
          "languageCode": "en-GB",
          "lastModified": "0001-01-01T00:00:00"
        },
        {
          "name": "FLOW",
          "value": "Not Applicable",
          "nameId": 966,
          "valueId": 5459,
          "isWebRefine": false,
          "languageCode": "en-GB",
          "lastModified": "0001-01-01T00:00:00"
        },
        {
          "name": "STYLE DESTINATION",
          "value": "Not Applicable",
          "nameId": 1010,
          "valueId": 5461,
          "isWebRefine": false,
          "languageCode": "en-GB",
          "lastModified": "0001-01-01T00:00:00"
        },
        {
          "name": "COMMUNITY",
          "value": "Not Applicable",
          "nameId": 1008,
          "valueId": 5462,
          "isWebRefine": false,
          "languageCode": "en-GB",
          "lastModified": "0001-01-01T00:00:00"
        },
        {
          "name": "CARBON NEUTRAL",
          "value": "Not Applicable",
          "nameId": 971,
          "valueId": 5463,
          "isWebRefine": false,
          "languageCode": "en-GB",
          "lastModified": "0001-01-01T00:00:00"
        },
        {
          "name": "CTL - STYLING ITEM",
          "value": "Not Applicable",
          "nameId": 984,
          "valueId": 5464,
          "isWebRefine": false,
          "languageCode": "en-GB",
          "lastModified": "0001-01-01T00:00:00"
        },
        {
          "name": "CARE LABELS",
          "value": "Not Applicable",
          "nameId": 943,
          "valueId": 5465,
          "isWebRefine": false,
          "languageCode": "en-GB",
          "lastModified": "0001-01-01T00:00:00"
        },
        {
          "name": "VALUE/HIGH STREET/PREMIUM",
          "value": "Not Applicable",
          "nameId": 954,
          "valueId": 5472,
          "isWebRefine": false,
          "languageCode": "en-GB",
          "lastModified": "0001-01-01T00:00:00"
        },
        {
          "name": "SELLING PERIOD",
          "value": "Not Applicable",
          "nameId": 944,
          "valueId": 5473,
          "isWebRefine": false,
          "languageCode": "en-GB",
          "lastModified": "0001-01-01T00:00:00"
        },
        {
          "name": "ORIGINAL SEASON",
          "value": "Not Applicable",
          "nameId": 955,
          "valueId": 5475,
          "isWebRefine": false,
          "languageCode": "en-GB",
          "lastModified": "0001-01-01T00:00:00"
        },
        {
          "name": "SEASONAL EVENT",
          "value": "Not Applicable",
          "nameId": 1020,
          "valueId": 5994,
          "isWebRefine": false,
          "languageCode": "en-GB",
          "lastModified": "0001-01-01T00:00:00"
        },
        {
          "name": "BACK TO SCHOOL",
          "value": "Not Applicable",
          "nameId": 1021,
          "valueId": 5995,
          "isWebRefine": false,
          "languageCode": "en-GB",
          "lastModified": "0001-01-01T00:00:00"
        },
        {
          "name": "FESTIVAL",
          "value": "Not Applicable",
          "nameId": 1022,
          "valueId": 5999,
          "isWebRefine": false,
          "languageCode": "en-GB",
          "lastModified": "0001-01-01T00:00:00"
        },
        {
          "name": "FABRIC TYPE",
          "value": "Woven",
          "nameId": 1023,
          "valueId": 6001,
          "isWebRefine": false,
          "languageCode": "en-GB",
          "lastModified": "0001-01-01T00:00:00"
        },
        {
          "name": "OCCASION & GOING OUT",
          "value": "Not Applicable",
          "nameId": 1024,
          "valueId": 6022,
          "isWebRefine": false,
          "languageCode": "en-GB",
          "lastModified": "0001-01-01T00:00:00"
        },
        {
          "name": "STYLE",
          "value": "Slip Dresses",
          "nameId": 989,
          "valueId": 6326,
          "isWebRefine": true,
          "languageCode": "en-GB",
          "lastModified": "0001-01-01T00:00:00"
        },
        {
          "name": "PATTERN",
          "value": "Print - DO NOT USE",
          "nameId": 925,
          "valueId": 6624,
          "isWebRefine": false,
          "languageCode": "en-GB",
          "lastModified": "0001-01-01T00:00:00"
        },
        {
          "name": "SHOP BY FIT",
          "value": "Main Collection",
          "nameId": 1027,
          "valueId": 6764,
          "isWebRefine": true,
          "languageCode": "en-GB",
          "lastModified": "0001-01-01T00:00:00"
        },
        {
          "name": "CUSTOMER SEGMENTATION",
          "value": "Not Applicable",
          "nameId": 1033,
          "valueId": 7091,
          "isWebRefine": false,
          "languageCode": "en-GB",
          "lastModified": "0001-01-01T00:00:00"
        },
        {
          "name": "COUNTER SEASONAL",
          "value": "Not Applicable",
          "nameId": 1034,
          "valueId": 7118,
          "isWebRefine": true,
          "languageCode": "en-GB",
          "lastModified": "0001-01-01T00:00:00"
        },
        {
          "name": "CASUAL",
          "value": "Not Applicable",
          "nameId": 1035,
          "valueId": 7360,
          "isWebRefine": false,
          "languageCode": "en-GB",
          "lastModified": "0001-01-01T00:00:00"
        }
      ],
      "brandSizes": [
        {
          "name": "UK 12",
          "schema": "UK",
          "text": "",
          "sortOrder": 50
        },
        {
          "name": "US 8",
          "schema": "US",
          "text": "",
          "sortOrder": 50
        },
        {
          "name": "AU 12",
          "schema": "AU",
          "text": "",
          "sortOrder": 50
        }
      ],
      "refinementSizes": [
        {
          "id": 2077,
          "name": "UK 12",
          "schema": "UK",
          "sortOrder": 33
        },
        {
          "id": 2077,
          "name": "US 8",
          "schema": "US",
          "sortOrder": 33
        },
        {
          "id": 2077,
          "name": "AU 12",
          "schema": "AU",
          "sortOrder": 33
        }
      ],
      "isInStock": true,
      "isLowInStock": false,
      "price": {
        "currency": "GBP",
        "current": {
          "value": 33.0,
          "text": "£33.00"
        },
        "previous": {
          "value": 140.0,
          "text": "£140.00"
        },
        "rrp": {
          "value": 0.0,
          "text": "£0.00"
        },
        "isMarkedDown": true,
        "isOutletPrice": false
      },
      "weight": 267.0,
      "isPrimary": false,
      "navigateUrl": "/fin-oslo/fin-oslo-for-asos-zip-detail-slip-dress/prd/1151734",
      "isAvailable": true
    },
    {
      "id": 1151735,
      "colourCode": "PI1",
      "sku": "ZWCDK1151735",
      "colour": "Summer melon and ros",
      "attributes": [
        {
          "name": "PRODUCT TYPE",
          "value": "Dresses",
          "nameId": 900,
          "valueId": 1465,
          "isWebRefine": true,
          "languageCode": "en-GB",
          "lastModified": "0001-01-01T00:00:00"
        },
        {
          "name": "RETURNABLE",
          "value": "Yes",
          "nameId": 953,
          "valueId": 2625,
          "isWebRefine": false,
          "languageCode": "en-GB",
          "lastModified": "0001-01-01T00:00:00"
        },
        {
          "name": "SAMPLE SIZE",
          "value": "Size 8",
          "nameId": 956,
          "valueId": 2676,
          "isWebRefine": false,
          "languageCode": "en-GB",
          "lastModified": "0001-01-01T00:00:00"
        },
        {
          "name": "TREND (MEN'S)",
          "value": "Not Applicable",
          "nameId": 949,
          "valueId": 2753,
          "isWebRefine": false,
          "languageCode": "en-GB",
          "lastModified": "0001-01-01T00:00:00"
        },
        {
          "name": "TREND (WOMEN)",
          "value": "Not Applicable",
          "nameId": 950,
          "valueId": 2857,
          "isWebRefine": false,
          "languageCode": "en-GB",
          "lastModified": "0001-01-01T00:00:00"
        },
        {
          "name": "FEMALE MODELS",
          "value": "Tbc",
          "nameId": 952,
          "valueId": 2993,
          "isWebRefine": false,
          "languageCode": "en-GB",
          "lastModified": "2011-06-10T06:36:46.633Z"
        },
        {
          "name": "MALE MODELS",
          "value": "Not Applicable",
          "nameId": 951,
          "valueId": 2996,
          "isWebRefine": false,
          "languageCode": "en-GB",
          "lastModified": "2011-06-10T06:36:46.643Z"
        },
        {
          "name": "COTTON INITIATIVE",
          "value": "Not Applicable",
          "nameId": 921,
          "valueId": 3230,
          "isWebRefine": false,
          "languageCode": "en-GB",
          "lastModified": "0001-01-01T00:00:00"
        },
        {
          "name": "ECO EDIT",
          "value": "Not Applicable",
          "nameId": 928,
          "valueId": 3239,
          "isWebRefine": false,
          "languageCode": "en-GB",
          "lastModified": "0001-01-01T00:00:00"
        },
        {
          "name": "LEATHER/NON LEATHER",
          "value": "Not Applicable",
          "nameId": 911,
          "valueId": 3252,
          "isWebRefine": true,
          "languageCode": "en-GB",
          "lastModified": "0001-01-01T00:00:00"
        },
        {
          "name": "HEEL HEIGHT",
          "value": "Not Applicable",
          "nameId": 929,
          "valueId": 3256,
          "isWebRefine": true,
          "languageCode": "en-GB",
          "lastModified": "0001-01-01T00:00:00"
        },
        {
          "name": "MAGAZINE",
          "value": "Not Applicable",
          "nameId": 960,
          "valueId": 3280,
          "isWebRefine": false,
          "languageCode": "en-GB",
          "lastModified": "0001-01-01T00:00:00"
        },
        {
          "name": "SLEEVE LENGTH",
          "value": "Not Applicable",
          "nameId": 961,
          "valueId": 3321,
          "isWebRefine": true,
          "languageCode": "en-GB",
          "lastModified": "0001-01-01T00:00:00"
        },
        {
          "name": "GOLD SEAL/BLIND GOLD SEAL",
          "value": "Not Applicable",
          "nameId": 974,
          "valueId": 3604,
          "isWebRefine": false,
          "languageCode": "en-GB",
          "lastModified": "0001-01-01T00:00:00"
        },
        {
          "name": "LENGTH",
          "value": "Mini",
          "nameId": 981,
          "valueId": 3677,
          "isWebRefine": true,
          "languageCode": "en-GB",
          "lastModified": "0001-01-01T00:00:00"
        },
        {
          "name": "DRESS TYPE",
          "value": "Occasion Dresses",
          "nameId": 1012,
          "valueId": 4461,
          "isWebRefine": true,
          "languageCode": "en-GB",
          "lastModified": "0001-01-01T00:00:00"
        },
        {
          "name": "CO-ORDINATE",
          "value": "Not Applicable",
          "nameId": 1016,
          "valueId": 5150,
          "isWebRefine": false,
          "languageCode": "en-GB",
          "lastModified": "0001-01-01T00:00:00"
        },
        {
          "name": "EXCLUSIVE",
          "value": "Not Applicable",
          "nameId": 965,
          "valueId": 5456,
          "isWebRefine": false,
          "languageCode": "en-GB",
          "lastModified": "0001-01-01T00:00:00"
        },
        {
          "name": "FLOW",
          "value": "Not Applicable",
          "nameId": 966,
          "valueId": 5459,
          "isWebRefine": false,
          "languageCode": "en-GB",
          "lastModified": "0001-01-01T00:00:00"
        },
        {
          "name": "STYLE DESTINATION",
          "value": "Not Applicable",
          "nameId": 1010,
          "valueId": 5461,
          "isWebRefine": false,
          "languageCode": "en-GB",
          "lastModified": "0001-01-01T00:00:00"
        },
        {
          "name": "COMMUNITY",
          "value": "Not Applicable",
          "nameId": 1008,
          "valueId": 5462,
          "isWebRefine": false,
          "languageCode": "en-GB",
          "lastModified": "0001-01-01T00:00:00"
        },
        {
          "name": "CARBON NEUTRAL",
          "value": "Not Applicable",
          "nameId": 971,
          "valueId": 5463,
          "isWebRefine": false,
          "languageCode": "en-GB",
          "lastModified": "0001-01-01T00:00:00"
        },
        {
          "name": "CTL - STYLING ITEM",
          "value": "Not Applicable",
          "nameId": 984,
          "valueId": 5464,
          "isWebRefine": false,
          "languageCode": "en-GB",
          "lastModified": "0001-01-01T00:00:00"
        },
        {
          "name": "CARE LABELS",
          "value": "Not Applicable",
          "nameId": 943,
          "valueId": 5465,
          "isWebRefine": false,
          "languageCode": "en-GB",
          "lastModified": "0001-01-01T00:00:00"
        },
        {
          "name": "VALUE/HIGH STREET/PREMIUM",
          "value": "Not Applicable",
          "nameId": 954,
          "valueId": 5472,
          "isWebRefine": false,
          "languageCode": "en-GB",
          "lastModified": "0001-01-01T00:00:00"
        },
        {
          "name": "SELLING PERIOD",
          "value": "Not Applicable",
          "nameId": 944,
          "valueId": 5473,
          "isWebRefine": false,
          "languageCode": "en-GB",
          "lastModified": "0001-01-01T00:00:00"
        },
        {
          "name": "ORIGINAL SEASON",
          "value": "Not Applicable",
          "nameId": 955,
          "valueId": 5475,
          "isWebRefine": false,
          "languageCode": "en-GB",
          "lastModified": "0001-01-01T00:00:00"
        },
        {
          "name": "SEASONAL EVENT",
          "value": "Not Applicable",
          "nameId": 1020,
          "valueId": 5994,
          "isWebRefine": false,
          "languageCode": "en-GB",
          "lastModified": "0001-01-01T00:00:00"
        },
        {
          "name": "BACK TO SCHOOL",
          "value": "Not Applicable",
          "nameId": 1021,
          "valueId": 5995,
          "isWebRefine": false,
          "languageCode": "en-GB",
          "lastModified": "0001-01-01T00:00:00"
        },
        {
          "name": "FESTIVAL",
          "value": "Not Applicable",
          "nameId": 1022,
          "valueId": 5999,
          "isWebRefine": false,
          "languageCode": "en-GB",
          "lastModified": "0001-01-01T00:00:00"
        },
        {
          "name": "FABRIC TYPE",
          "value": "Woven",
          "nameId": 1023,
          "valueId": 6001,
          "isWebRefine": false,
          "languageCode": "en-GB",
          "lastModified": "0001-01-01T00:00:00"
        },
        {
          "name": "OCCASION & GOING OUT",
          "value": "Not Applicable",
          "nameId": 1024,
          "valueId": 6022,
          "isWebRefine": false,
          "languageCode": "en-GB",
          "lastModified": "0001-01-01T00:00:00"
        },
        {
          "name": "STYLE",
          "value": "Slip Dresses",
          "nameId": 989,
          "valueId": 6326,
          "isWebRefine": true,
          "languageCode": "en-GB",
          "lastModified": "0001-01-01T00:00:00"
        },
        {
          "name": "PATTERN",
          "value": "Print - DO NOT USE",
          "nameId": 925,
          "valueId": 6624,
          "isWebRefine": false,
          "languageCode": "en-GB",
          "lastModified": "0001-01-01T00:00:00"
        },
        {
          "name": "SHOP BY FIT",
          "value": "Main Collection",
          "nameId": 1027,
          "valueId": 6764,
          "isWebRefine": true,
          "languageCode": "en-GB",
          "lastModified": "0001-01-01T00:00:00"
        },
        {
          "name": "CUSTOMER SEGMENTATION",
          "value": "Not Applicable",
          "nameId": 1033,
          "valueId": 7091,
          "isWebRefine": false,
          "languageCode": "en-GB",
          "lastModified": "0001-01-01T00:00:00"
        },
        {
          "name": "COUNTER SEASONAL",
          "value": "Not Applicable",
          "nameId": 1034,
          "valueId": 7118,
          "isWebRefine": true,
          "languageCode": "en-GB",
          "lastModified": "0001-01-01T00:00:00"
        },
        {
          "name": "CASUAL",
          "value": "Not Applicable",
          "nameId": 1035,
          "valueId": 7360,
          "isWebRefine": false,
          "languageCode": "en-GB",
          "lastModified": "0001-01-01T00:00:00"
        }
      ],
      "brandSizes": [
        {
          "name": "UK 14",
          "schema": "UK",
          "text": "",
          "sortOrder": 52
        },
        {
          "name": "US 10",
          "schema": "US",
          "text": "",
          "sortOrder": 52
        },
        {
          "name": "AU 14",
          "schema": "AU",
          "text": "",
          "sortOrder": 52
        }
      ],
      "refinementSizes": [
        {
          "id": 1920,
          "name": "UK 14",
          "schema": "UK",
          "sortOrder": 39
        },
        {
          "id": 1920,
          "name": "US 10",
          "schema": "US",
          "sortOrder": 39
        },
        {
          "id": 1920,
          "name": "AU 14",
          "schema": "AU",
          "sortOrder": 39
        }
      ],
      "isInStock": true,
      "isLowInStock": true,
      "price": {
        "currency": "GBP",
        "current": {
          "value": 33.0,
          "text": "£33.00"
        },
        "previous": {
          "value": 140.0,
          "text": "£140.00"
        },
        "rrp": {
          "value": 0.0,
          "text": "£0.00"
        },
        "isMarkedDown": true,
        "isOutletPrice": false
      },
      "weight": 267.0,
      "isPrimary": false,
      "navigateUrl": "/fin-oslo/fin-oslo-for-asos-zip-detail-slip-dress/prd/1151735",
      "isAvailable": true
    }
  ],
  "legacyMedia": {
    "images": [
      {
        "url": "http://images.asos-media.com/inv/z/23/1560/1151730/summermelonandrosedust/image1xxl.jpg",
        "size": "xxl",
        "colourCode": "",
        "colour": "",
        "isPrimary": true,
        "type": "Standard"
      },
      {
        "url": "http://images.asos-media.com/inv/z/23/1560/1151730/summermelonandrosedust/image1xl.jpg",
        "size": "xl",
        "colourCode": "",
        "colour": "",
        "isPrimary": true,
        "type": "Standard"
      },
      {
        "url": "http://images.asos-media.com/inv/z/23/1560/1151730/summermelonandrosedust/image1l.jpg",
        "size": "l",
        "colourCode": "",
        "colour": "",
        "isPrimary": true,
        "type": "Standard"
      },
      {
        "url": "http://images.asos-media.com/inv/z/23/1560/1151730/summermelonandrosedust/image1xl.jpg",
        "size": "s",
        "colourCode": "",
        "colour": "",
        "isPrimary": true,
        "type": "Standard"
      },
      {
        "url": "http://images.asos-media.com/inv/z/23/1560/1151730/summermelonandrosedust/image1xs.jpg",
        "size": "xs",
        "colourCode": "",
        "colour": "",
        "isPrimary": true,
        "type": "Standard"
      },
      {
        "url": "http://images.asos-media.com/inv/z/23/1560/1151730/image2xxl.jpg",
        "size": "xxl",
        "colourCode": "",
        "colour": "",
        "isPrimary": false,
        "type": "Standard"
      },
      {
        "url": "http://images.asos-media.com/inv/z/23/1560/1151730/image2xl.jpg",
        "size": "xl",
        "colourCode": "",
        "colour": "",
        "isPrimary": false,
        "type": "Standard"
      },
      {
        "url": "http://images.asos-media.com/inv/z/23/1560/1151730/image2s.jpg",
        "size": "s",
        "colourCode": "",
        "colour": "",
        "isPrimary": false,
        "type": "Standard"
      },
      {
        "url": "http://images.asos-media.com/inv/z/23/1560/1151730/image2xs.jpg",
        "size": "xs",
        "colourCode": "",
        "colour": "",
        "isPrimary": false,
        "type": "Standard"
      },
      {
        "url": "http://images.asos-media.com/inv/z/23/1560/1151730/image3xxl.jpg",
        "size": "xxl",
        "colourCode": "",
        "colour": "",
        "isPrimary": false,
        "type": "Standard"
      },
      {
        "url": "http://images.asos-media.com/inv/z/23/1560/1151730/image3xl.jpg",
        "size": "xl",
        "colourCode": "",
        "colour": "",
        "isPrimary": false,
        "type": "Standard"
      },
      {
        "url": "http://images.asos-media.com/inv/z/23/1560/1151730/image3s.jpg",
        "size": "s",
        "colourCode": "",
        "colour": "",
        "isPrimary": false,
        "type": "Standard"
      },
      {
        "url": "http://images.asos-media.com/inv/z/23/1560/1151730/image3xs.jpg",
        "size": "xs",
        "colourCode": "",
        "colour": "",
        "isPrimary": false,
        "type": "Standard"
      },
      {
        "url": "http://images.asos-media.com/inv/z/23/1560/1151730/image4xxl.jpg",
        "size": "xxl",
        "colourCode": "",
        "colour": "",
        "isPrimary": false,
        "type": "Standard"
      },
      {
        "url": "http://images.asos-media.com/inv/z/23/1560/1151730/image4xl.jpg",
        "size": "xl",
        "colourCode": "",
        "colour": "",
        "isPrimary": false,
        "type": "Standard"
      },
      {
        "url": "http://images.asos-media.com/inv/z/23/1560/1151730/image4s.jpg",
        "size": "s",
        "colourCode": "",
        "colour": "",
        "isPrimary": false,
        "type": "Standard"
      },
      {
        "url": "http://images.asos-media.com/inv/z/23/1560/1151730/image4xs.jpg",
        "size": "xs",
        "colourCode": "",
        "colour": "",
        "isPrimary": false,
        "type": "Standard"
      }
    ],
    "catwalk": [
      {
        "url": "http://video.asos.com/CatwalkShots/1151730-4-100621110009.flv",
        "colourCode": ""
      }
    ]
  },
  "media": {
    "images": [
      {
        "url": "s7testing-images.asos-media.com/products/fin-oslo-for-asos-zip-detail-slip-dress/1151730-2",
        "colourCode": "",
        "colour": "",
        "isPrimary": false,
        "type": "Standard2"
      },
      {
        "url": "s7testing-images.asos-media.com/products/fin-oslo-for-asos-zip-detail-slip-dress/1151730-3",
        "colourCode": "",
        "colour": "",
        "isPrimary": false,
        "type": "Standard3"
      },
      {
        "url": "s7testing-images.asos-media.com/products/fin-oslo-for-asos-zip-detail-slip-dress/1151730-4",
        "colourCode": "",
        "colour": "",
        "isPrimary": false,
        "type": "Standard4"
      }
    ],
    "catwalk": [
      {
        "url": "video.asos-media.com/products/fin-oslo-for-asos-zip-detail-slip-dress/1151730-catwalk-AVS",
        "colourCode": "PI1"
      }
    ],
    "spinSet": []
  },
  "webCategoryIds": [
    {
      "id": 5235
    },
    {
      "id": 15623
    },
    {
      "id": 15945
    },
    {
      "id": 19596
    },
    {
      "id": 22859
    }
  ],
  "navigateUrl": "/fin-oslo/fin-oslo-for-asos-zip-detail-slip-dress/prd/1151730",
  "statusId": 52000,
  "divisionId": 7,
  "isAvailable": true,
  "dateOnSite": "0001-01-01T00:00:00",
  "lastModified": "2016-10-13T08:54:06.6041548Z",
  "lastTranslationModified": "2016-03-15T16:39:15.23Z",
  "price": {
    "currency": "GBP",
    "current": {
      "value": 33.0,
      "text": "£33.00"
    },
    "previous": {
      "value": 140.0,
      "text": "£140.00"
    },
    "rrp": {
      "value": 0.0,
      "text": "£0.00"
    },
    "isMarkedDown": true,
    "isOutletPrice": false
  }
}