{
  "id": 504886,
  "language": "en-GB",
  "name": "ASOS Slouch T-Shirt in the style of Lauren Conrad",
  "description": "<ul><li>Lightweight jersey slouch t-shirt</li><li>Short batwing style sleeves and scoop neck</li><li>Longline, slim fitting, also available in <a href=\"/Ring Bikini Pants/Prod/pgeproduct.aspx?iid= 703921\">petite</a></li></ul>",
  "fabricConstruction": "Knitted",
  "materials": "100% viscose    Size 10 length measures 27.5in (70cm) – side neck to hem    ",
  "additionalInfo": "100% viscose\r\n\r\nSize 10 length measures 27.5in (70cm) – side neck to hem\r\n\r\n",
  "brand": {
    "name": "ASOS",
    "brandId": 53
  },
  "careInfo": "40 degree machine wash, do not bleach, cool iron on reverse, do not tumble dry, do not dry clean",
  "productCode": "SWCTS504886",
  "category": "Basic S/Slv",
  "categoryId": 173,
  "department": "Jersey Tops WO",
  "departmentId": 66,
  "division": "Womenswear",
  "isReturnable": true,
  "store": "COM",
  "isInStock": false,
  "variants": [
    {
      "id": 504894,
      "colourCode": "WH1",
      "sku": "SWCTS504894",
      "colour": "White",
      "attributes": [
        {
          "name": "PRODUCT TYPE",
          "value": "Tops",
          "nameId": 900,
          "valueId": 1604,
          "isWebRefine": true,
          "languageCode": "en-GB",
          "lastModified": "0001-01-01T00:00:00"
        },
        {
          "name": "PATTERN",
          "value": "Not Applicable",
          "nameId": 925,
          "valueId": 2350,
          "isWebRefine": false,
          "languageCode": "en-GB",
          "lastModified": "0001-01-01T00:00:00"
        },
        {
          "name": "RETURNABLE",
          "value": "Yes",
          "nameId": 953,
          "valueId": 2625,
          "isWebRefine": false,
          "languageCode": "en-GB",
          "lastModified": "0001-01-01T00:00:00"
        },
        {
          "name": "SELLING PERIOD",
          "value": "Mar/apr",
          "nameId": 944,
          "valueId": 2652,
          "isWebRefine": false,
          "languageCode": "en-GB",
          "lastModified": "0001-01-01T00:00:00"
        },
        {
          "name": "COTTON INITIATIVE",
          "value": "Not Applicable",
          "nameId": 921,
          "valueId": 3230,
          "isWebRefine": false,
          "languageCode": "en-GB",
          "lastModified": "0001-01-01T00:00:00"
        },
        {
          "name": "ECO EDIT",
          "value": "Not Applicable",
          "nameId": 928,
          "valueId": 3239,
          "isWebRefine": false,
          "languageCode": "en-GB",
          "lastModified": "0001-01-01T00:00:00"
        },
        {
          "name": "FLOW",
          "value": "Yes",
          "nameId": 966,
          "valueId": 3477,
          "isWebRefine": false,
          "languageCode": "en-GB",
          "lastModified": "0001-01-01T00:00:00"
        },
        {
          "name": "SEASONAL EVENT",
          "value": "Not Applicable",
          "nameId": 1020,
          "valueId": 5994,
          "isWebRefine": false,
          "languageCode": "en-GB",
          "lastModified": "0001-01-01T00:00:00"
        },
        {
          "name": "FESTIVAL",
          "value": "Not Applicable",
          "nameId": 1022,
          "valueId": 5999,
          "isWebRefine": false,
          "languageCode": "en-GB",
          "lastModified": "0001-01-01T00:00:00"
        },
        {
          "name": "SHOP BY FIT",
          "value": "Main Collection",
          "nameId": 1027,
          "valueId": 6764,
          "isWebRefine": true,
          "languageCode": "en-GB",
          "lastModified": "0001-01-01T00:00:00"
        },
        {
          "name": "MULTIPACK",
          "value": "Not Applicable",
          "nameId": 1032,
          "valueId": 7030,
          "isWebRefine": true,
          "languageCode": "en-GB",
          "lastModified": "0001-01-01T00:00:00"
        },
        {
          "name": "COUNTER SEASONAL",
          "value": "Core",
          "nameId": 1034,
          "valueId": 7115,
          "isWebRefine": true,
          "languageCode": "en-GB",
          "lastModified": "0001-01-01T00:00:00"
        }
      ],
      "brandSizes": [
        {
          "name": "UK 6",
          "schema": "UK",
          "text": "",
          "sortOrder": 5
        },
        {
          "name": "US 2",
          "schema": "US",
          "text": "",
          "sortOrder": 5
        },
        {
          "name": "AU 6",
          "schema": "AU",
          "text": "",
          "sortOrder": 5
        }
      ],
      "refinementSizes": [
        {
          "id": 1924,
          "name": "UK 6",
          "schema": "UK",
          "sortOrder": 13
        },
        {
          "id": 1924,
          "name": "US 2",
          "schema": "US",
          "sortOrder": 13
        },
        {
          "id": 1924,
          "name": "AU 6",
          "schema": "AU",
          "sortOrder": 13
        }
      ],
      "isInStock": false,
      "isLowInStock": false,
      "price": {
        "currency": "GBP",
        "current": {
          "value": 4.0,
          "text": "£4.00"
        },
        "previous": {
          "value": 12.0,
          "text": "£12.00"
        },
        "rrp": {
          "value": 0.0,
          "text": "£0.00"
        },
        "isMarkedDown": true,
        "isOutletPrice": false
      },
      "weight": 110.0,
      "isPrimary": true,
      "navigateUrl": "/asos/asos-slouch-t-shirt-in-the-style-of-lauren-conrad/prd/504894",
      "isAvailable": true
    },
    {
      "id": 504895,
      "colourCode": "WH1",
      "sku": "SWCTS504895",
      "colour": "White",
      "attributes": [
        {
          "name": "PRODUCT TYPE",
          "value": "Tops",
          "nameId": 900,
          "valueId": 1604,
          "isWebRefine": true,
          "languageCode": "en-GB",
          "lastModified": "0001-01-01T00:00:00"
        },
        {
          "name": "PATTERN",
          "value": "Not Applicable",
          "nameId": 925,
          "valueId": 2350,
          "isWebRefine": false,
          "languageCode": "en-GB",
          "lastModified": "0001-01-01T00:00:00"
        },
        {
          "name": "RETURNABLE",
          "value": "Yes",
          "nameId": 953,
          "valueId": 2625,
          "isWebRefine": false,
          "languageCode": "en-GB",
          "lastModified": "0001-01-01T00:00:00"
        },
        {
          "name": "SELLING PERIOD",
          "value": "Mar/apr",
          "nameId": 944,
          "valueId": 2652,
          "isWebRefine": false,
          "languageCode": "en-GB",
          "lastModified": "0001-01-01T00:00:00"
        },
        {
          "name": "COTTON INITIATIVE",
          "value": "Not Applicable",
          "nameId": 921,
          "valueId": 3230,
          "isWebRefine": false,
          "languageCode": "en-GB",
          "lastModified": "0001-01-01T00:00:00"
        },
        {
          "name": "ECO EDIT",
          "value": "Not Applicable",
          "nameId": 928,
          "valueId": 3239,
          "isWebRefine": false,
          "languageCode": "en-GB",
          "lastModified": "0001-01-01T00:00:00"
        },
        {
          "name": "FLOW",
          "value": "Yes",
          "nameId": 966,
          "valueId": 3477,
          "isWebRefine": false,
          "languageCode": "en-GB",
          "lastModified": "0001-01-01T00:00:00"
        },
        {
          "name": "SEASONAL EVENT",
          "value": "Not Applicable",
          "nameId": 1020,
          "valueId": 5994,
          "isWebRefine": false,
          "languageCode": "en-GB",
          "lastModified": "0001-01-01T00:00:00"
        },
        {
          "name": "FESTIVAL",
          "value": "Not Applicable",
          "nameId": 1022,
          "valueId": 5999,
          "isWebRefine": false,
          "languageCode": "en-GB",
          "lastModified": "0001-01-01T00:00:00"
        },
        {
          "name": "SHOP BY FIT",
          "value": "Main Collection",
          "nameId": 1027,
          "valueId": 6764,
          "isWebRefine": true,
          "languageCode": "en-GB",
          "lastModified": "0001-01-01T00:00:00"
        },
        {
          "name": "MULTIPACK",
          "value": "Not Applicable",
          "nameId": 1032,
          "valueId": 7030,
          "isWebRefine": true,
          "languageCode": "en-GB",
          "lastModified": "0001-01-01T00:00:00"
        },
        {
          "name": "COUNTER SEASONAL",
          "value": "Core",
          "nameId": 1034,
          "valueId": 7115,
          "isWebRefine": true,
          "languageCode": "en-GB",
          "lastModified": "0001-01-01T00:00:00"
        }
      ],
      "brandSizes": [
        {
          "name": "UK 8",
          "schema": "UK",
          "text": "",
          "sortOrder": 8
        },
        {
          "name": "US 4",
          "schema": "US",
          "text": "",
          "sortOrder": 8
        },
        {
          "name": "AU 8",
          "schema": "AU",
          "text": "",
          "sortOrder": 8
        }
      ],
      "refinementSizes": [
        {
          "id": 1880,
          "name": "UK 8",
          "schema": "UK",
          "sortOrder": 20
        },
        {
          "id": 1880,
          "name": "US 4",
          "schema": "US",
          "sortOrder": 20
        },
        {
          "id": 1880,
          "name": "AU 8",
          "schema": "AU",
          "sortOrder": 20
        }
      ],
      "isInStock": false,
      "isLowInStock": false,
      "price": {
        "currency": "GBP",
        "current": {
          "value": 4.0,
          "text": "£4.00"
        },
        "previous": {
          "value": 12.0,
          "text": "£12.00"
        },
        "rrp": {
          "value": 0.0,
          "text": "£0.00"
        },
        "isMarkedDown": true,
        "isOutletPrice": false
      },
      "weight": 110.0,
      "isPrimary": true,
      "navigateUrl": "/asos/asos-slouch-t-shirt-in-the-style-of-lauren-conrad/prd/504895",
      "isAvailable": true
    },
    {
      "id": 504896,
      "colourCode": "WH1",
      "sku": "SWCTS504896",
      "colour": "White",
      "attributes": [
        {
          "name": "PRODUCT TYPE",
          "value": "Tops",
          "nameId": 900,
          "valueId": 1604,
          "isWebRefine": true,
          "languageCode": "en-GB",
          "lastModified": "0001-01-01T00:00:00"
        },
        {
          "name": "PATTERN",
          "value": "Not Applicable",
          "nameId": 925,
          "valueId": 2350,
          "isWebRefine": false,
          "languageCode": "en-GB",
          "lastModified": "0001-01-01T00:00:00"
        },
        {
          "name": "RETURNABLE",
          "value": "Yes",
          "nameId": 953,
          "valueId": 2625,
          "isWebRefine": false,
          "languageCode": "en-GB",
          "lastModified": "0001-01-01T00:00:00"
        },
        {
          "name": "SELLING PERIOD",
          "value": "Mar/apr",
          "nameId": 944,
          "valueId": 2652,
          "isWebRefine": false,
          "languageCode": "en-GB",
          "lastModified": "0001-01-01T00:00:00"
        },
        {
          "name": "COTTON INITIATIVE",
          "value": "Not Applicable",
          "nameId": 921,
          "valueId": 3230,
          "isWebRefine": false,
          "languageCode": "en-GB",
          "lastModified": "0001-01-01T00:00:00"
        },
        {
          "name": "ECO EDIT",
          "value": "Not Applicable",
          "nameId": 928,
          "valueId": 3239,
          "isWebRefine": false,
          "languageCode": "en-GB",
          "lastModified": "0001-01-01T00:00:00"
        },
        {
          "name": "FLOW",
          "value": "Yes",
          "nameId": 966,
          "valueId": 3477,
          "isWebRefine": false,
          "languageCode": "en-GB",
          "lastModified": "0001-01-01T00:00:00"
        },
        {
          "name": "SEASONAL EVENT",
          "value": "Not Applicable",
          "nameId": 1020,
          "valueId": 5994,
          "isWebRefine": false,
          "languageCode": "en-GB",
          "lastModified": "0001-01-01T00:00:00"
        },
        {
          "name": "FESTIVAL",
          "value": "Not Applicable",
          "nameId": 1022,
          "valueId": 5999,
          "isWebRefine": false,
          "languageCode": "en-GB",
          "lastModified": "0001-01-01T00:00:00"
        },
        {
          "name": "SHOP BY FIT",
          "value": "Main Collection",
          "nameId": 1027,
          "valueId": 6764,
          "isWebRefine": true,
          "languageCode": "en-GB",
          "lastModified": "0001-01-01T00:00:00"
        },
        {
          "name": "MULTIPACK",
          "value": "Not Applicable",
          "nameId": 1032,
          "valueId": 7030,
          "isWebRefine": true,
          "languageCode": "en-GB",
          "lastModified": "0001-01-01T00:00:00"
        },
        {
          "name": "COUNTER SEASONAL",
          "value": "Core",
          "nameId": 1034,
          "valueId": 7115,
          "isWebRefine": true,
          "languageCode": "en-GB",
          "lastModified": "0001-01-01T00:00:00"
        }
      ],
      "brandSizes": [
        {
          "name": "UK 10",
          "schema": "UK",
          "text": "",
          "sortOrder": 11
        },
        {
          "name": "US 6",
          "schema": "US",
          "text": "",
          "sortOrder": 11
        },
        {
          "name": "AU 10",
          "schema": "AU",
          "text": "",
          "sortOrder": 11
        }
      ],
      "refinementSizes": [
        {
          "id": 1944,
          "name": "UK 10",
          "schema": "UK",
          "sortOrder": 27
        },
        {
          "id": 1944,
          "name": "US 6",
          "schema": "US",
          "sortOrder": 27
        },
        {
          "id": 1944,
          "name": "AU 10",
          "schema": "AU",
          "sortOrder": 27
        }
      ],
      "isInStock": false,
      "isLowInStock": false,
      "price": {
        "currency": "GBP",
        "current": {
          "value": 4.0,
          "text": "£4.00"
        },
        "previous": {
          "value": 12.0,
          "text": "£12.00"
        },
        "rrp": {
          "value": 0.0,
          "text": "£0.00"
        },
        "isMarkedDown": true,
        "isOutletPrice": false
      },
      "weight": 110.0,
      "isPrimary": true,
      "navigateUrl": "/asos/asos-slouch-t-shirt-in-the-style-of-lauren-conrad/prd/504896",
      "isAvailable": true
    },
    {
      "id": 504897,
      "colourCode": "WH1",
      "sku": "SWCTS504897",
      "colour": "White",
      "attributes": [
        {
          "name": "PRODUCT TYPE",
          "value": "Tops",
          "nameId": 900,
          "valueId": 1604,
          "isWebRefine": true,
          "languageCode": "en-GB",
          "lastModified": "0001-01-01T00:00:00"
        },
        {
          "name": "PATTERN",
          "value": "Not Applicable",
          "nameId": 925,
          "valueId": 2350,
          "isWebRefine": false,
          "languageCode": "en-GB",
          "lastModified": "0001-01-01T00:00:00"
        },
        {
          "name": "RETURNABLE",
          "value": "Yes",
          "nameId": 953,
          "valueId": 2625,
          "isWebRefine": false,
          "languageCode": "en-GB",
          "lastModified": "0001-01-01T00:00:00"
        },
        {
          "name": "SELLING PERIOD",
          "value": "Mar/apr",
          "nameId": 944,
          "valueId": 2652,
          "isWebRefine": false,
          "languageCode": "en-GB",
          "lastModified": "0001-01-01T00:00:00"
        },
        {
          "name": "COTTON INITIATIVE",
          "value": "Not Applicable",
          "nameId": 921,
          "valueId": 3230,
          "isWebRefine": false,
          "languageCode": "en-GB",
          "lastModified": "0001-01-01T00:00:00"
        },
        {
          "name": "ECO EDIT",
          "value": "Not Applicable",
          "nameId": 928,
          "valueId": 3239,
          "isWebRefine": false,
          "languageCode": "en-GB",
          "lastModified": "0001-01-01T00:00:00"
        },
        {
          "name": "FLOW",
          "value": "Yes",
          "nameId": 966,
          "valueId": 3477,
          "isWebRefine": false,
          "languageCode": "en-GB",
          "lastModified": "0001-01-01T00:00:00"
        },
        {
          "name": "SEASONAL EVENT",
          "value": "Not Applicable",
          "nameId": 1020,
          "valueId": 5994,
          "isWebRefine": false,
          "languageCode": "en-GB",
          "lastModified": "0001-01-01T00:00:00"
        },
        {
          "name": "FESTIVAL",
          "value": "Not Applicable",
          "nameId": 1022,
          "valueId": 5999,
          "isWebRefine": false,
          "languageCode": "en-GB",
          "lastModified": "0001-01-01T00:00:00"
        },
        {
          "name": "SHOP BY FIT",
          "value": "Main Collection",
          "nameId": 1027,
          "valueId": 6764,
          "isWebRefine": true,
          "languageCode": "en-GB",
          "lastModified": "0001-01-01T00:00:00"
        },
        {
          "name": "MULTIPACK",
          "value": "Not Applicable",
          "nameId": 1032,
          "valueId": 7030,
          "isWebRefine": true,
          "languageCode": "en-GB",
          "lastModified": "0001-01-01T00:00:00"
        },
        {
          "name": "COUNTER SEASONAL",
          "value": "Core",
          "nameId": 1034,
          "valueId": 7115,
          "isWebRefine": true,
          "languageCode": "en-GB",
          "lastModified": "0001-01-01T00:00:00"
        }
      ],
      "brandSizes": [
        {
          "name": "UK 12",
          "schema": "UK",
          "text": "",
          "sortOrder": 14
        },
        {
          "name": "US 8",
          "schema": "US",
          "text": "",
          "sortOrder": 14
        },
        {
          "name": "AU 12",
          "schema": "AU",
          "text": "",
          "sortOrder": 14
        }
      ],
      "refinementSizes": [
        {
          "id": 2077,
          "name": "UK 12",
          "schema": "UK",
          "sortOrder": 33
        },
        {
          "id": 2077,
          "name": "US 8",
          "schema": "US",
          "sortOrder": 33
        },
        {
          "id": 2077,
          "name": "AU 12",
          "schema": "AU",
          "sortOrder": 33
        }
      ],
      "isInStock": false,
      "isLowInStock": false,
      "price": {
        "currency": "GBP",
        "current": {
          "value": 4.0,
          "text": "£4.00"
        },
        "previous": {
          "value": 12.0,
          "text": "£12.00"
        },
        "rrp": {
          "value": 0.0,
          "text": "£0.00"
        },
        "isMarkedDown": true,
        "isOutletPrice": false
      },
      "weight": 110.0,
      "isPrimary": true,
      "navigateUrl": "/asos/asos-slouch-t-shirt-in-the-style-of-lauren-conrad/prd/504897",
      "isAvailable": true
    },
    {
      "id": 504898,
      "colourCode": "WH1",
      "sku": "SWCTS504898",
      "colour": "White",
      "attributes": [
        {
          "name": "PRODUCT TYPE",
          "value": "Tops",
          "nameId": 900,
          "valueId": 1604,
          "isWebRefine": true,
          "languageCode": "en-GB",
          "lastModified": "0001-01-01T00:00:00"
        },
        {
          "name": "PATTERN",
          "value": "Not Applicable",
          "nameId": 925,
          "valueId": 2350,
          "isWebRefine": false,
          "languageCode": "en-GB",
          "lastModified": "0001-01-01T00:00:00"
        },
        {
          "name": "RETURNABLE",
          "value": "Yes",
          "nameId": 953,
          "valueId": 2625,
          "isWebRefine": false,
          "languageCode": "en-GB",
          "lastModified": "0001-01-01T00:00:00"
        },
        {
          "name": "SELLING PERIOD",
          "value": "Mar/apr",
          "nameId": 944,
          "valueId": 2652,
          "isWebRefine": false,
          "languageCode": "en-GB",
          "lastModified": "0001-01-01T00:00:00"
        },
        {
          "name": "COTTON INITIATIVE",
          "value": "Not Applicable",
          "nameId": 921,
          "valueId": 3230,
          "isWebRefine": false,
          "languageCode": "en-GB",
          "lastModified": "0001-01-01T00:00:00"
        },
        {
          "name": "ECO EDIT",
          "value": "Not Applicable",
          "nameId": 928,
          "valueId": 3239,
          "isWebRefine": false,
          "languageCode": "en-GB",
          "lastModified": "0001-01-01T00:00:00"
        },
        {
          "name": "FLOW",
          "value": "Yes",
          "nameId": 966,
          "valueId": 3477,
          "isWebRefine": false,
          "languageCode": "en-GB",
          "lastModified": "0001-01-01T00:00:00"
        },
        {
          "name": "SEASONAL EVENT",
          "value": "Not Applicable",
          "nameId": 1020,
          "valueId": 5994,
          "isWebRefine": false,
          "languageCode": "en-GB",
          "lastModified": "0001-01-01T00:00:00"
        },
        {
          "name": "FESTIVAL",
          "value": "Not Applicable",
          "nameId": 1022,
          "valueId": 5999,
          "isWebRefine": false,
          "languageCode": "en-GB",
          "lastModified": "0001-01-01T00:00:00"
        },
        {
          "name": "SHOP BY FIT",
          "value": "Main Collection",
          "nameId": 1027,
          "valueId": 6764,
          "isWebRefine": true,
          "languageCode": "en-GB",
          "lastModified": "0001-01-01T00:00:00"
        },
        {
          "name": "MULTIPACK",
          "value": "Not Applicable",
          "nameId": 1032,
          "valueId": 7030,
          "isWebRefine": true,
          "languageCode": "en-GB",
          "lastModified": "0001-01-01T00:00:00"
        },
        {
          "name": "COUNTER SEASONAL",
          "value": "Core",
          "nameId": 1034,
          "valueId": 7115,
          "isWebRefine": true,
          "languageCode": "en-GB",
          "lastModified": "0001-01-01T00:00:00"
        }
      ],
      "brandSizes": [
        {
          "name": "UK 14",
          "schema": "UK",
          "text": "",
          "sortOrder": 17
        },
        {
          "name": "US 10",
          "schema": "US",
          "text": "",
          "sortOrder": 17
        },
        {
          "name": "AU 14",
          "schema": "AU",
          "text": "",
          "sortOrder": 17
        }
      ],
      "refinementSizes": [
        {
          "id": 1920,
          "name": "UK 14",
          "schema": "UK",
          "sortOrder": 39
        },
        {
          "id": 1920,
          "name": "US 10",
          "schema": "US",
          "sortOrder": 39
        },
        {
          "id": 1920,
          "name": "AU 14",
          "schema": "AU",
          "sortOrder": 39
        }
      ],
      "isInStock": false,
      "isLowInStock": false,
      "price": {
        "currency": "GBP",
        "current": {
          "value": 4.0,
          "text": "£4.00"
        },
        "previous": {
          "value": 12.0,
          "text": "£12.00"
        },
        "rrp": {
          "value": 0.0,
          "text": "£0.00"
        },
        "isMarkedDown": true,
        "isOutletPrice": false
      },
      "weight": 110.0,
      "isPrimary": true,
      "navigateUrl": "/asos/asos-slouch-t-shirt-in-the-style-of-lauren-conrad/prd/504898",
      "isAvailable": true
    },
    {
      "id": 504899,
      "colourCode": "WH1",
      "sku": "SWCTS504899",
      "colour": "White",
      "attributes": [
        {
          "name": "PRODUCT TYPE",
          "value": "Tops",
          "nameId": 900,
          "valueId": 1604,
          "isWebRefine": true,
          "languageCode": "en-GB",
          "lastModified": "0001-01-01T00:00:00"
        },
        {
          "name": "PATTERN",
          "value": "Not Applicable",
          "nameId": 925,
          "valueId": 2350,
          "isWebRefine": false,
          "languageCode": "en-GB",
          "lastModified": "0001-01-01T00:00:00"
        },
        {
          "name": "RETURNABLE",
          "value": "Yes",
          "nameId": 953,
          "valueId": 2625,
          "isWebRefine": false,
          "languageCode": "en-GB",
          "lastModified": "0001-01-01T00:00:00"
        },
        {
          "name": "SELLING PERIOD",
          "value": "Mar/apr",
          "nameId": 944,
          "valueId": 2652,
          "isWebRefine": false,
          "languageCode": "en-GB",
          "lastModified": "0001-01-01T00:00:00"
        },
        {
          "name": "COTTON INITIATIVE",
          "value": "Not Applicable",
          "nameId": 921,
          "valueId": 3230,
          "isWebRefine": false,
          "languageCode": "en-GB",
          "lastModified": "0001-01-01T00:00:00"
        },
        {
          "name": "ECO EDIT",
          "value": "Not Applicable",
          "nameId": 928,
          "valueId": 3239,
          "isWebRefine": false,
          "languageCode": "en-GB",
          "lastModified": "0001-01-01T00:00:00"
        },
        {
          "name": "FLOW",
          "value": "Yes",
          "nameId": 966,
          "valueId": 3477,
          "isWebRefine": false,
          "languageCode": "en-GB",
          "lastModified": "0001-01-01T00:00:00"
        },
        {
          "name": "SEASONAL EVENT",
          "value": "Not Applicable",
          "nameId": 1020,
          "valueId": 5994,
          "isWebRefine": false,
          "languageCode": "en-GB",
          "lastModified": "0001-01-01T00:00:00"
        },
        {
          "name": "FESTIVAL",
          "value": "Not Applicable",
          "nameId": 1022,
          "valueId": 5999,
          "isWebRefine": false,
          "languageCode": "en-GB",
          "lastModified": "0001-01-01T00:00:00"
        },
        {
          "name": "SHOP BY FIT",
          "value": "Main Collection",
          "nameId": 1027,
          "valueId": 6764,
          "isWebRefine": true,
          "languageCode": "en-GB",
          "lastModified": "0001-01-01T00:00:00"
        },
        {
          "name": "MULTIPACK",
          "value": "Not Applicable",
          "nameId": 1032,
          "valueId": 7030,
          "isWebRefine": true,
          "languageCode": "en-GB",
          "lastModified": "0001-01-01T00:00:00"
        },
        {
          "name": "COUNTER SEASONAL",
          "value": "Core",
          "nameId": 1034,
          "valueId": 7115,
          "isWebRefine": true,
          "languageCode": "en-GB",
          "lastModified": "0001-01-01T00:00:00"
        }
      ],
      "brandSizes": [
        {
          "name": "UK 16",
          "schema": "UK",
          "text": "",
          "sortOrder": 20
        },
        {
          "name": "US 12",
          "schema": "US",
          "text": "",
          "sortOrder": 20
        },
        {
          "name": "AU 16",
          "schema": "AU",
          "text": "",
          "sortOrder": 20
        }
      ],
      "refinementSizes": [
        {
          "id": 1992,
          "name": "UK 16",
          "schema": "UK",
          "sortOrder": 45
        },
        {
          "id": 1992,
          "name": "US 12",
          "schema": "US",
          "sortOrder": 45
        },
        {
          "id": 1992,
          "name": "AU 16",
          "schema": "AU",
          "sortOrder": 45
        }
      ],
      "isInStock": false,
      "isLowInStock": false,
      "price": {
        "currency": "GBP",
        "current": {
          "value": 4.0,
          "text": "£4.00"
        },
        "previous": {
          "value": 12.0,
          "text": "£12.00"
        },
        "rrp": {
          "value": 0.0,
          "text": "£0.00"
        },
        "isMarkedDown": true,
        "isOutletPrice": false
      },
      "weight": 110.0,
      "isPrimary": true,
      "navigateUrl": "/asos/asos-slouch-t-shirt-in-the-style-of-lauren-conrad/prd/504899",
      "isAvailable": true
    },
    {
      "id": 504900,
      "colourCode": "WH1",
      "sku": "SWCTS504900",
      "colour": "White",
      "attributes": [
        {
          "name": "PRODUCT TYPE",
          "value": "Tops",
          "nameId": 900,
          "valueId": 1604,
          "isWebRefine": true,
          "languageCode": "en-GB",
          "lastModified": "0001-01-01T00:00:00"
        },
        {
          "name": "PATTERN",
          "value": "Not Applicable",
          "nameId": 925,
          "valueId": 2350,
          "isWebRefine": false,
          "languageCode": "en-GB",
          "lastModified": "0001-01-01T00:00:00"
        },
        {
          "name": "RETURNABLE",
          "value": "Yes",
          "nameId": 953,
          "valueId": 2625,
          "isWebRefine": false,
          "languageCode": "en-GB",
          "lastModified": "0001-01-01T00:00:00"
        },
        {
          "name": "SELLING PERIOD",
          "value": "Mar/apr",
          "nameId": 944,
          "valueId": 2652,
          "isWebRefine": false,
          "languageCode": "en-GB",
          "lastModified": "0001-01-01T00:00:00"
        },
        {
          "name": "COTTON INITIATIVE",
          "value": "Not Applicable",
          "nameId": 921,
          "valueId": 3230,
          "isWebRefine": false,
          "languageCode": "en-GB",
          "lastModified": "0001-01-01T00:00:00"
        },
        {
          "name": "ECO EDIT",
          "value": "Not Applicable",
          "nameId": 928,
          "valueId": 3239,
          "isWebRefine": false,
          "languageCode": "en-GB",
          "lastModified": "0001-01-01T00:00:00"
        },
        {
          "name": "FLOW",
          "value": "Yes",
          "nameId": 966,
          "valueId": 3477,
          "isWebRefine": false,
          "languageCode": "en-GB",
          "lastModified": "0001-01-01T00:00:00"
        },
        {
          "name": "SEASONAL EVENT",
          "value": "Not Applicable",
          "nameId": 1020,
          "valueId": 5994,
          "isWebRefine": false,
          "languageCode": "en-GB",
          "lastModified": "0001-01-01T00:00:00"
        },
        {
          "name": "FESTIVAL",
          "value": "Not Applicable",
          "nameId": 1022,
          "valueId": 5999,
          "isWebRefine": false,
          "languageCode": "en-GB",
          "lastModified": "0001-01-01T00:00:00"
        },
        {
          "name": "SHOP BY FIT",
          "value": "Main Collection",
          "nameId": 1027,
          "valueId": 6764,
          "isWebRefine": true,
          "languageCode": "en-GB",
          "lastModified": "0001-01-01T00:00:00"
        },
        {
          "name": "MULTIPACK",
          "value": "Not Applicable",
          "nameId": 1032,
          "valueId": 7030,
          "isWebRefine": true,
          "languageCode": "en-GB",
          "lastModified": "0001-01-01T00:00:00"
        },
        {
          "name": "COUNTER SEASONAL",
          "value": "Core",
          "nameId": 1034,
          "valueId": 7115,
          "isWebRefine": true,
          "languageCode": "en-GB",
          "lastModified": "0001-01-01T00:00:00"
        }
      ],
      "brandSizes": [
        {
          "name": "UK 18",
          "schema": "UK",
          "text": "",
          "sortOrder": 23
        },
        {
          "name": "US 14",
          "schema": "US",
          "text": "",
          "sortOrder": 23
        },
        {
          "name": "AU 18",
          "schema": "AU",
          "text": "",
          "sortOrder": 23
        }
      ],
      "refinementSizes": [
        {
          "id": 1946,
          "name": "UK 18",
          "schema": "UK",
          "sortOrder": 52
        },
        {
          "id": 1946,
          "name": "US 14",
          "schema": "US",
          "sortOrder": 52
        },
        {
          "id": 1946,
          "name": "AU 18",
          "schema": "AU",
          "sortOrder": 52
        }
      ],
      "isInStock": false,
      "isLowInStock": false,
      "price": {
        "currency": "GBP",
        "current": {
          "value": 4.0,
          "text": "£4.00"
        },
        "previous": {
          "value": 12.0,
          "text": "£12.00"
        },
        "rrp": {
          "value": 0.0,
          "text": "£0.00"
        },
        "isMarkedDown": true,
        "isOutletPrice": false
      },
      "weight": 110.0,
      "isPrimary": true,
      "navigateUrl": "/asos/asos-slouch-t-shirt-in-the-style-of-lauren-conrad/prd/504900",
      "isAvailable": true
    },
    {
      "id": 603891,
      "colourCode": "WH1",
      "sku": "SWCTS603891",
      "colour": "White",
      "attributes": [
        {
          "name": "PRODUCT TYPE",
          "value": "Tops",
          "nameId": 900,
          "valueId": 1604,
          "isWebRefine": true,
          "languageCode": "en-GB",
          "lastModified": "0001-01-01T00:00:00"
        },
        {
          "name": "PATTERN",
          "value": "Not Applicable",
          "nameId": 925,
          "valueId": 2350,
          "isWebRefine": false,
          "languageCode": "en-GB",
          "lastModified": "0001-01-01T00:00:00"
        },
        {
          "name": "RETURNABLE",
          "value": "Yes",
          "nameId": 953,
          "valueId": 2625,
          "isWebRefine": false,
          "languageCode": "en-GB",
          "lastModified": "0001-01-01T00:00:00"
        },
        {
          "name": "SELLING PERIOD",
          "value": "Mar/apr",
          "nameId": 944,
          "valueId": 2652,
          "isWebRefine": false,
          "languageCode": "en-GB",
          "lastModified": "0001-01-01T00:00:00"
        },
        {
          "name": "COTTON INITIATIVE",
          "value": "Not Applicable",
          "nameId": 921,
          "valueId": 3230,
          "isWebRefine": false,
          "languageCode": "en-GB",
          "lastModified": "0001-01-01T00:00:00"
        },
        {
          "name": "ECO EDIT",
          "value": "Not Applicable",
          "nameId": 928,
          "valueId": 3239,
          "isWebRefine": false,
          "languageCode": "en-GB",
          "lastModified": "0001-01-01T00:00:00"
        },
        {
          "name": "FLOW",
          "value": "Yes",
          "nameId": 966,
          "valueId": 3477,
          "isWebRefine": false,
          "languageCode": "en-GB",
          "lastModified": "0001-01-01T00:00:00"
        },
        {
          "name": "SEASONAL EVENT",
          "value": "Not Applicable",
          "nameId": 1020,
          "valueId": 5994,
          "isWebRefine": false,
          "languageCode": "en-GB",
          "lastModified": "0001-01-01T00:00:00"
        },
        {
          "name": "FESTIVAL",
          "value": "Not Applicable",
          "nameId": 1022,
          "valueId": 5999,
          "isWebRefine": false,
          "languageCode": "en-GB",
          "lastModified": "0001-01-01T00:00:00"
        },
        {
          "name": "SHOP BY FIT",
          "value": "Main Collection",
          "nameId": 1027,
          "valueId": 6764,
          "isWebRefine": true,
          "languageCode": "en-GB",
          "lastModified": "0001-01-01T00:00:00"
        },
        {
          "name": "MULTIPACK",
          "value": "Not Applicable",
          "nameId": 1032,
          "valueId": 7030,
          "isWebRefine": true,
          "languageCode": "en-GB",
          "lastModified": "0001-01-01T00:00:00"
        },
        {
          "name": "COUNTER SEASONAL",
          "value": "Core",
          "nameId": 1034,
          "valueId": 7115,
          "isWebRefine": true,
          "languageCode": "en-GB",
          "lastModified": "0001-01-01T00:00:00"
        }
      ],
      "brandSizes": [
        {
          "name": "UK 20",
          "schema": "UK",
          "text": "",
          "sortOrder": 25
        },
        {
          "name": "US 16",
          "schema": "US",
          "text": "",
          "sortOrder": 25
        },
        {
          "name": "AU 20",
          "schema": "AU",
          "text": "",
          "sortOrder": 25
        }
      ],
      "refinementSizes": [
        {
          "id": 1970,
          "name": "UK 20",
          "schema": "UK",
          "sortOrder": 57
        },
        {
          "id": 1970,
          "name": "US 16",
          "schema": "US",
          "sortOrder": 57
        },
        {
          "id": 1970,
          "name": "AU 20",
          "schema": "AU",
          "sortOrder": 57
        }
      ],
      "isInStock": false,
      "isLowInStock": false,
      "price": {
        "currency": "GBP",
        "current": {
          "value": 4.0,
          "text": "£4.00"
        },
        "previous": {
          "value": 12.0,
          "text": "£12.00"
        },
        "rrp": {
          "value": 0.0,
          "text": "£0.00"
        },
        "isMarkedDown": true,
        "isOutletPrice": false
      },
      "weight": 110.0,
      "isPrimary": true,
      "navigateUrl": "/asos/asos-slouch-t-shirt-in-the-style-of-lauren-conrad/prd/603891",
      "isAvailable": true
    }
  ],
  "legacyMedia": {
    "images": [
      {
        "url": "http://images.asos-media.com/inv/S/23/150/504886/Black/image1xl.jpg",
        "size": "s",
        "colourCode": "",
        "colour": "",
        "isPrimary": false,
        "type": "Standard"
      },
      {
        "url": "http://images.asos-media.com/inv/S/23/150/504886/Black/image1l.jpg",
        "size": "l",
        "colourCode": "",
        "colour": "",
        "isPrimary": false,
        "type": "Standard"
      },
      {
        "url": "http://images.asos-media.com/inv/S/23/150/504886/Black/image1xl.jpg",
        "size": "xl",
        "colourCode": "",
        "colour": "",
        "isPrimary": false,
        "type": "Standard"
      },
      {
        "url": "http://images.asos-media.com/inv/S/23/150/504886/Black/image1xxl.jpg",
        "size": "xxl",
        "colourCode": "",
        "colour": "",
        "isPrimary": false,
        "type": "Standard"
      },
      {
        "url": "http://images.asos-media.com/inv/S/23/150/504886/Black/image1xs.jpg",
        "size": "xs",
        "colourCode": "",
        "colour": "",
        "isPrimary": false,
        "type": "Standard"
      },
      {
        "url": "http://images.asos-media.com/inv/S/23/150/504886/Pink/image1xl.jpg",
        "size": "s",
        "colourCode": "",
        "colour": "",
        "isPrimary": false,
        "type": "Standard"
      },
      {
        "url": "http://images.asos-media.com/inv/S/23/150/504886/Pink/image1l.jpg",
        "size": "l",
        "colourCode": "",
        "colour": "",
        "isPrimary": false,
        "type": "Standard"
      },
      {
        "url": "http://images.asos-media.com/inv/S/23/150/504886/Pink/image1xl.jpg",
        "size": "xl",
        "colourCode": "",
        "colour": "",
        "isPrimary": false,
        "type": "Standard"
      },
      {
        "url": "http://images.asos-media.com/inv/S/23/150/504886/Pink/image1xxl.jpg",
        "size": "xxl",
        "colourCode": "",
        "colour": "",
        "isPrimary": false,
        "type": "Standard"
      },
      {
        "url": "http://images.asos-media.com/inv/S/23/150/504886/Pink/image1xs.jpg",
        "size": "xs",
        "colourCode": "",
        "colour": "",
        "isPrimary": false,
        "type": "Standard"
      },
      {
        "url": "http://images.asos-media.com/inv/S/23/150/504886/Stone/image1xl.jpg",
        "size": "s",
        "colourCode": "",
        "colour": "",
        "isPrimary": false,
        "type": "Standard"
      },
      {
        "url": "http://images.asos-media.com/inv/S/23/150/504886/Stone/image1l.jpg",
        "size": "l",
        "colourCode": "",
        "colour": "",
        "isPrimary": false,
        "type": "Standard"
      },
      {
        "url": "http://images.asos-media.com/inv/S/23/150/504886/Stone/image1xl.jpg",
        "size": "xl",
        "colourCode": "",
        "colour": "",
        "isPrimary": false,
        "type": "Standard"
      },
      {
        "url": "http://images.asos-media.com/inv/S/23/150/504886/Stone/image1xxl.jpg",
        "size": "xxl",
        "colourCode": "",
        "colour": "",
        "isPrimary": false,
        "type": "Standard"
      },
      {
        "url": "http://images.asos-media.com/inv/S/23/150/504886/Stone/image1xs.jpg",
        "size": "xs",
        "colourCode": "",
        "colour": "",
        "isPrimary": false,
        "type": "Standard"
      },
      {
        "url": "http://images.asos-media.com/inv/S/23/150/504886/White/image1xl.jpg",
        "size": "s",
        "colourCode": "WH1",
        "colour": "White",
        "isPrimary": true,
        "type": "Standard"
      },
      {
        "url": "http://images.asos-media.com/inv/S/23/150/504886/White/image1l.jpg",
        "size": "l",
        "colourCode": "WH1",
        "colour": "White",
        "isPrimary": true,
        "type": "Standard"
      },
      {
        "url": "http://images.asos-media.com/inv/S/23/150/504886/White/image1xl.jpg",
        "size": "xl",
        "colourCode": "WH1",
        "colour": "White",
        "isPrimary": true,
        "type": "Standard"
      },
      {
        "url": "http://images.asos-media.com/inv/S/23/150/504886/White/image1xxl.jpg",
        "size": "xxl",
        "colourCode": "WH1",
        "colour": "White",
        "isPrimary": true,
        "type": "Standard"
      },
      {
        "url": "http://images.asos-media.com/inv/S/23/150/504886/White/image1xs.jpg",
        "size": "xs",
        "colourCode": "WH1",
        "colour": "White",
        "isPrimary": true,
        "type": "Standard"
      },
      {
        "url": "http://images.asos-media.com/inv/S/23/150/504886/image2s.jpg",
        "size": "s",
        "colourCode": "",
        "colour": "",
        "isPrimary": false,
        "type": "Standard"
      },
      {
        "url": "http://images.asos-media.com/inv/S/23/150/504886/image2xl.jpg",
        "size": "xl",
        "colourCode": "",
        "colour": "",
        "isPrimary": false,
        "type": "Standard"
      },
      {
        "url": "http://images.asos-media.com/inv/S/23/150/504886/image2xxl.jpg",
        "size": "xxl",
        "colourCode": "",
        "colour": "",
        "isPrimary": false,
        "type": "Standard"
      },
      {
        "url": "http://images.asos-media.com/inv/S/23/150/504886/image3s.jpg",
        "size": "s",
        "colourCode": "",
        "colour": "",
        "isPrimary": false,
        "type": "Standard"
      },
      {
        "url": "http://images.asos-media.com/inv/S/23/150/504886/image3xl.jpg",
        "size": "xl",
        "colourCode": "",
        "colour": "",
        "isPrimary": false,
        "type": "Standard"
      },
      {
        "url": "http://images.asos-media.com/inv/S/23/150/504886/image3xxl.jpg",
        "size": "xxl",
        "colourCode": "",
        "colour": "",
        "isPrimary": false,
        "type": "Standard"
      },
      {
        "url": "http://images.asos-media.com/inv/S/23/150/504886/image4s.jpg",
        "size": "s",
        "colourCode": "",
        "colour": "",
        "isPrimary": false,
        "type": "Standard"
      },
      {
        "url": "http://images.asos-media.com/inv/S/23/150/504886/image4xl.jpg",
        "size": "xl",
        "colourCode": "",
        "colour": "",
        "isPrimary": false,
        "type": "Standard"
      },
      {
        "url": "http://images.asos-media.com/inv/S/23/150/504886/image4xxl.jpg",
        "size": "xxl",
        "colourCode": "",
        "colour": "",
        "isPrimary": false,
        "type": "Standard"
      },
      {
        "url": "http://images.asos-media.com/inv/S/23/150/504886/FlawlessPink/image1xl.jpg",
        "size": "s",
        "colourCode": "",
        "colour": "",
        "isPrimary": false,
        "type": "Standard"
      },
      {
        "url": "http://images.asos-media.com/inv/S/23/150/504886/FlawlessPink/image1l.jpg",
        "size": "l",
        "colourCode": "",
        "colour": "",
        "isPrimary": false,
        "type": "Standard"
      },
      {
        "url": "http://images.asos-media.com/inv/S/23/150/504886/FlawlessPink/image1xl.jpg",
        "size": "xl",
        "colourCode": "",
        "colour": "",
        "isPrimary": false,
        "type": "Standard"
      },
      {
        "url": "http://images.asos-media.com/inv/S/23/150/504886/FlawlessPink/image1xxl.jpg",
        "size": "xxl",
        "colourCode": "",
        "colour": "",
        "isPrimary": false,
        "type": "Standard"
      },
      {
        "url": "http://images.asos-media.com/inv/S/23/150/504886/FlawlessPink/image1xs.jpg",
        "size": "xs",
        "colourCode": "",
        "colour": "",
        "isPrimary": false,
        "type": "Standard"
      },
      {
        "url": "http://images.asos-media.com/inv/S/23/150/504886/LillyPadGreen/image1xl.jpg",
        "size": "s",
        "colourCode": "",
        "colour": "",
        "isPrimary": false,
        "type": "Standard"
      },
      {
        "url": "http://images.asos-media.com/inv/S/23/150/504886/LillyPadGreen/image1l.jpg",
        "size": "l",
        "colourCode": "",
        "colour": "",
        "isPrimary": false,
        "type": "Standard"
      },
      {
        "url": "http://images.asos-media.com/inv/S/23/150/504886/LillyPadGreen/image1xl.jpg",
        "size": "xl",
        "colourCode": "",
        "colour": "",
        "isPrimary": false,
        "type": "Standard"
      },
      {
        "url": "http://images.asos-media.com/inv/S/23/150/504886/LillyPadGreen/image1xxl.jpg",
        "size": "xxl",
        "colourCode": "",
        "colour": "",
        "isPrimary": false,
        "type": "Standard"
      },
      {
        "url": "http://images.asos-media.com/inv/S/23/150/504886/LillyPadGreen/image1xs.jpg",
        "size": "xs",
        "colourCode": "",
        "colour": "",
        "isPrimary": false,
        "type": "Standard"
      },
      {
        "url": "http://images.asos-media.com/inv/S/23/150/504886/ElectricBlue/image1l.jpg",
        "size": "l",
        "colourCode": "",
        "colour": "",
        "isPrimary": false,
        "type": "Standard"
      },
      {
        "url": "http://images.asos-media.com/inv/S/23/150/504886/ElectricBlue/image1xl.jpg",
        "size": "xl",
        "colourCode": "",
        "colour": "",
        "isPrimary": false,
        "type": "Standard"
      },
      {
        "url": "http://images.asos-media.com/inv/S/23/150/504886/ElectricBlue/image1xxl.jpg",
        "size": "xxl",
        "colourCode": "",
        "colour": "",
        "isPrimary": false,
        "type": "Standard"
      },
      {
        "url": "http://images.asos-media.com/inv/S/23/150/504886/Yellow/image1l.jpg",
        "size": "l",
        "colourCode": "",
        "colour": "",
        "isPrimary": false,
        "type": "Standard"
      },
      {
        "url": "http://images.asos-media.com/inv/S/23/150/504886/Yellow/image1xl.jpg",
        "size": "xl",
        "colourCode": "",
        "colour": "",
        "isPrimary": false,
        "type": "Standard"
      },
      {
        "url": "http://images.asos-media.com/inv/S/23/150/504886/Yellow/image1xxl.jpg",
        "size": "xxl",
        "colourCode": "",
        "colour": "",
        "isPrimary": false,
        "type": "Standard"
      },
      {
        "url": "http://images.asos-media.com/inv/S/23/150/504886/ElectricBlue/image1xl.jpg",
        "size": "s",
        "colourCode": "",
        "colour": "",
        "isPrimary": false,
        "type": "Standard"
      },
      {
        "url": "http://images.asos-media.com/inv/S/23/150/504886/ElectricBlue/image1xs.jpg",
        "size": "xs",
        "colourCode": "",
        "colour": "",
        "isPrimary": false,
        "type": "Standard"
      },
      {
        "url": "http://images.asos-media.com/inv/S/23/150/504886/Yellow/image1xl.jpg",
        "size": "s",
        "colourCode": "",
        "colour": "",
        "isPrimary": false,
        "type": "Standard"
      },
      {
        "url": "http://images.asos-media.com/inv/S/23/150/504886/Yellow/image1xs.jpg",
        "size": "xs",
        "colourCode": "",
        "colour": "",
        "isPrimary": false,
        "type": "Standard"
      },
      {
        "url": "http://images.asos-media.com/inv/S/23/150/504886/Navy/image1xl.jpg",
        "size": "s",
        "colourCode": "",
        "colour": "",
        "isPrimary": false,
        "type": "Standard"
      },
      {
        "url": "http://images.asos-media.com/inv/S/23/150/504886/Navy/image1l.jpg",
        "size": "l",
        "colourCode": "",
        "colour": "",
        "isPrimary": false,
        "type": "Standard"
      },
      {
        "url": "http://images.asos-media.com/inv/S/23/150/504886/Navy/image1xl.jpg",
        "size": "xl",
        "colourCode": "",
        "colour": "",
        "isPrimary": false,
        "type": "Standard"
      },
      {
        "url": "http://images.asos-media.com/inv/S/23/150/504886/Navy/image1xxl.jpg",
        "size": "xxl",
        "colourCode": "",
        "colour": "",
        "isPrimary": false,
        "type": "Standard"
      },
      {
        "url": "http://images.asos-media.com/inv/S/23/150/504886/Navy/image1xs.jpg",
        "size": "xs",
        "colourCode": "",
        "colour": "",
        "isPrimary": false,
        "type": "Standard"
      }
    ],
    "catwalk": [
      {
        "url": "http://video.asos.com/CatwalkShots/504886-4-090318020147.flv",
        "colourCode": ""
      }
    ]
  },
  "media": {
    "images": [
      {
        "url": "s7testing-images.asos-media.com/products/asos-slouch-t-shirt-in-the-style-of-lauren-conrad/504886-1-white",
        "colourCode": "WH1",
        "colour": "White",
        "isPrimary": true,
        "type": "Standard1"
      },
      {
        "url": "s7testing-images.asos-media.com/products/asos-slouch-t-shirt-in-the-style-of-lauren-conrad/504886-2",
        "colourCode": "",
        "colour": "",
        "isPrimary": false,
        "type": "Standard2"
      },
      {
        "url": "s7testing-images.asos-media.com/products/asos-slouch-t-shirt-in-the-style-of-lauren-conrad/504886-3",
        "colourCode": "",
        "colour": "",
        "isPrimary": false,
        "type": "Standard3"
      },
      {
        "url": "s7testing-images.asos-media.com/products/asos-slouch-t-shirt-in-the-style-of-lauren-conrad/504886-4",
        "colourCode": "",
        "colour": "",
        "isPrimary": false,
        "type": "Standard4"
      }
    ],
    "catwalk": [
      {
        "url": "video.asos-media.com/products/asos-slouch-t-shirt-in-the-style-of-lauren-conrad/504886-catwalk-AVS",
        "colourCode": "WH1"
      }
    ],
    "spinSet": []
  },
  "webCategoryIds": [
    {
      "id": 4718
    },
    {
      "id": 12801
    },
    {
      "id": 17459
    },
    {
      "id": 19824
    },
    {
      "id": 22176
    }
  ],
  "navigateUrl": "/asos/asos-slouch-t-shirt-in-the-style-of-lauren-conrad/prd/504886",
  "statusId": 52000,
  "divisionId": 7,
  "isAvailable": true,
  "dateOnSite": "0001-01-01T00:00:00",
  "lastModified": "2016-10-16T14:15:06.7482814Z",
  "lastTranslationModified": "2016-04-25T00:00:00Z",
  "associatedProductGroups": [
    {
      "id": 504886,
      "type": "CTL"
    }
  ],
  "price": {
    "currency": "GBP",
    "current": {
      "value": 4.0,
      "text": "£4.00"
    },
    "previous": {
      "value": 12.0,
      "text": "£12.00"
    },
    "rrp": {
      "value": 0.0,
      "text": "£0.00"
    },
    "isMarkedDown": true,
    "isOutletPrice": false
  }
}