{
  "id": 816194,
  "language": "en-GB",
  "name": "Tweezerman Nail Rescue Kit",
  "description": "<ul><li>Portable trio of stainless steel nail care essentials</li><li>Mini-kit provides big solutions for little problems</li><li>Travel-friendly set for complete nail care</li></ul>",
  "fabricConstruction": "Non Clothing",
  "materials": "Just pluck from your pocket or purse anytime your nails hit a snag and require a quick fix    3 Piece Set Includes:    Mini Cuticle & Hangnail Snipper",
  "additionalInfo": "Just pluck from your pocket or purse anytime your nails hit a snag and require a quick fix\r\n\r\n3 Piece Set Includes:\r\n\r\nMini Cuticle & Hangnail Snipper — This revolutionary trimmer is designed ergonomically for easy, comfortable handling\r\nThe sharp, angled precision blades cut cleanly without pulling on skin — just squeeze to snip, that's it\r\n\r\nMini Cuticle Pusher & Nail Cleaner — Combined with a nail cleaner, our miniaturized famous Pushy® is buffed smooth to gently push back cuticles and clean under the nail\r\n\r\nMini Nail File w/ Green Handle — This nickel-plated mini file is super strong and long-lasting, with a sapphire finish for extra-gentle shaping and smoothing of nails",
  "brand": {
    "name": "Tweezerman",
    "brandId": 3193
  },
  "productCode": "UBBAC816194",
  "category": "Nails",
  "categoryId": 2236,
  "department": "Beauty WB",
  "departmentId": 28,
  "division": "Womenswear",
  "isReturnable": true,
  "store": "COM",
  "isInStock": true,
  "variants": [
    {
      "id": 816195,
      "colourCode": "NC1",
      "sku": "UBBAC816195",
      "colour": "Nail rescue kit",
      "attributes": [
        {
          "name": "PATTERN",
          "value": "Not Applicable",
          "nameId": 925,
          "valueId": 2350,
          "isWebRefine": false,
          "languageCode": "en-GB",
          "lastModified": "0001-01-01T00:00:00"
        },
        {
          "name": "RETURNABLE",
          "value": "Yes",
          "nameId": 953,
          "valueId": 2625,
          "isWebRefine": false,
          "languageCode": "en-GB",
          "lastModified": "0001-01-01T00:00:00"
        },
        {
          "name": "VALUE/HIGH STREET/PREMIUM",
          "value": "High Street",
          "nameId": 954,
          "valueId": 2627,
          "isWebRefine": false,
          "languageCode": "en-GB",
          "lastModified": "0001-01-01T00:00:00"
        },
        {
          "name": "ORIGINAL SEASON",
          "value": "Autumn winter 11",
          "nameId": 955,
          "valueId": 2635,
          "isWebRefine": false,
          "languageCode": "en-GB",
          "lastModified": "0001-01-01T00:00:00"
        },
        {
          "name": "SELLING PERIOD",
          "value": "Flow",
          "nameId": 944,
          "valueId": 2658,
          "isWebRefine": false,
          "languageCode": "en-GB",
          "lastModified": "0001-01-01T00:00:00"
        },
        {
          "name": "SAMPLE SIZE",
          "value": "Not Applicable",
          "nameId": 956,
          "valueId": 2690,
          "isWebRefine": false,
          "languageCode": "en-GB",
          "lastModified": "0001-01-01T00:00:00"
        },
        {
          "name": "TREND (MEN'S)",
          "value": "Not Applicable",
          "nameId": 949,
          "valueId": 2753,
          "isWebRefine": false,
          "languageCode": "en-GB",
          "lastModified": "0001-01-01T00:00:00"
        },
        {
          "name": "TREND (WOMEN)",
          "value": "Not Applicable",
          "nameId": 950,
          "valueId": 2857,
          "isWebRefine": false,
          "languageCode": "en-GB",
          "lastModified": "0001-01-01T00:00:00"
        },
        {
          "name": "MALE MODELS",
          "value": "Not Applicable",
          "nameId": 951,
          "valueId": 2996,
          "isWebRefine": false,
          "languageCode": "en-GB",
          "lastModified": "2011-06-10T06:36:46.643Z"
        },
        {
          "name": "FEMALE MODELS",
          "value": "Not Applicable",
          "nameId": 952,
          "valueId": 3187,
          "isWebRefine": false,
          "languageCode": "en-GB",
          "lastModified": "2011-06-10T06:38:14.51Z"
        },
        {
          "name": "CARE LABELS",
          "value": "Brands",
          "nameId": 943,
          "valueId": 3227,
          "isWebRefine": false,
          "languageCode": "en-GB",
          "lastModified": "0001-01-01T00:00:00"
        },
        {
          "name": "COTTON INITIATIVE",
          "value": "Not Applicable",
          "nameId": 921,
          "valueId": 3230,
          "isWebRefine": false,
          "languageCode": "en-GB",
          "lastModified": "0001-01-01T00:00:00"
        },
        {
          "name": "ECO EDIT",
          "value": "Not Applicable",
          "nameId": 928,
          "valueId": 3239,
          "isWebRefine": false,
          "languageCode": "en-GB",
          "lastModified": "0001-01-01T00:00:00"
        },
        {
          "name": "EXCLUSIVE",
          "value": "No",
          "nameId": 965,
          "valueId": 3438,
          "isWebRefine": false,
          "languageCode": "en-GB",
          "lastModified": "0001-01-01T00:00:00"
        },
        {
          "name": "FLOW",
          "value": "No",
          "nameId": 966,
          "valueId": 3476,
          "isWebRefine": false,
          "languageCode": "en-GB",
          "lastModified": "0001-01-01T00:00:00"
        },
        {
          "name": "ELECTRICAL EQUIPMENT",
          "value": "Not Applicable",
          "nameId": 967,
          "valueId": 3530,
          "isWebRefine": false,
          "languageCode": "en-GB",
          "lastModified": "0001-01-01T00:00:00"
        },
        {
          "name": "CARBON NEUTRAL",
          "value": "NO",
          "nameId": 971,
          "valueId": 3581,
          "isWebRefine": false,
          "languageCode": "en-GB",
          "lastModified": "0001-01-01T00:00:00"
        },
        {
          "name": "GOLD SEAL/BLIND GOLD SEAL",
          "value": "GOLD SEALED",
          "nameId": 974,
          "valueId": 3605,
          "isWebRefine": false,
          "languageCode": "en-GB",
          "lastModified": "0001-01-01T00:00:00"
        },
        {
          "name": "GIFTING",
          "value": "Yes",
          "nameId": 978,
          "valueId": 3632,
          "isWebRefine": false,
          "languageCode": "en-GB",
          "lastModified": "0001-01-01T00:00:00"
        },
        {
          "name": "CTL - STYLING ITEM",
          "value": "NO",
          "nameId": 984,
          "valueId": 3701,
          "isWebRefine": false,
          "languageCode": "en-GB",
          "lastModified": "0001-01-01T00:00:00"
        },
        {
          "name": "PRODUCT TYPE",
          "value": "Beauty",
          "nameId": 900,
          "valueId": 4029,
          "isWebRefine": true,
          "languageCode": "en-GB",
          "lastModified": "0001-01-01T00:00:00"
        },
        {
          "name": "COMMUNITY",
          "value": "No",
          "nameId": 1008,
          "valueId": 4204,
          "isWebRefine": false,
          "languageCode": "en-GB",
          "lastModified": "0001-01-01T00:00:00"
        },
        {
          "name": "STYLE DESTINATION",
          "value": "NOT CHINA",
          "nameId": 1010,
          "valueId": 4248,
          "isWebRefine": false,
          "languageCode": "en-GB",
          "lastModified": "0001-01-01T00:00:00"
        },
        {
          "name": "MAGAZINE",
          "value": "July 2014",
          "nameId": 960,
          "valueId": 4571,
          "isWebRefine": false,
          "languageCode": "en-GB",
          "lastModified": "0001-01-01T00:00:00"
        },
        {
          "name": "STYLE",
          "value": "Nail Accessories",
          "nameId": 989,
          "valueId": 5120,
          "isWebRefine": true,
          "languageCode": "en-GB",
          "lastModified": "0001-01-01T00:00:00"
        },
        {
          "name": "GIFTS",
          "value": "Nail Sets",
          "nameId": 1005,
          "valueId": 5732,
          "isWebRefine": true,
          "languageCode": "en-GB",
          "lastModified": "0001-01-01T00:00:00"
        },
        {
          "name": "SEASONAL EVENT",
          "value": "Not Applicable",
          "nameId": 1020,
          "valueId": 5994,
          "isWebRefine": false,
          "languageCode": "en-GB",
          "lastModified": "0001-01-01T00:00:00"
        },
        {
          "name": "BACK TO SCHOOL",
          "value": "Not Applicable",
          "nameId": 1021,
          "valueId": 5995,
          "isWebRefine": false,
          "languageCode": "en-GB",
          "lastModified": "0001-01-01T00:00:00"
        },
        {
          "name": "FESTIVAL",
          "value": "Not Applicable",
          "nameId": 1022,
          "valueId": 5999,
          "isWebRefine": false,
          "languageCode": "en-GB",
          "lastModified": "0001-01-01T00:00:00"
        },
        {
          "name": "OCCASION & GOING OUT",
          "value": "Not Applicable",
          "nameId": 1024,
          "valueId": 6022,
          "isWebRefine": false,
          "languageCode": "en-GB",
          "lastModified": "0001-01-01T00:00:00"
        },
        {
          "name": "ACCESSORIES TYPE",
          "value": "Not Applicable",
          "nameId": 1026,
          "valueId": 6195,
          "isWebRefine": true,
          "languageCode": "en-GB",
          "lastModified": "0001-01-01T00:00:00"
        },
        {
          "name": "COUNTER SEASONAL",
          "value": "Not Applicable",
          "nameId": 1034,
          "valueId": 7118,
          "isWebRefine": true,
          "languageCode": "en-GB",
          "lastModified": "0001-01-01T00:00:00"
        }
      ],
      "brandSizes": [
        {
          "name": "One Size",
          "schema": "UK",
          "text": "",
          "sortOrder": 2
        },
        {
          "name": "One Size",
          "schema": "US",
          "text": "",
          "sortOrder": 2
        },
        {
          "name": "One Size",
          "schema": "AU",
          "text": "",
          "sortOrder": 2
        }
      ],
      "refinementSizes": [
        {
          "id": 1917,
          "name": "One Size",
          "schema": "UK",
          "sortOrder": 170
        },
        {
          "id": 1917,
          "name": "One Size",
          "schema": "US",
          "sortOrder": 170
        },
        {
          "id": 1917,
          "name": "One Size",
          "schema": "AU",
          "sortOrder": 170
        }
      ],
      "isInStock": true,
      "isLowInStock": false,
      "price": {
        "currency": "GBP",
        "current": {
          "value": 22.0,
          "text": "£22.00"
        },
        "previous": {
          "value": 22.0,
          "text": "£22.00"
        },
        "rrp": {
          "value": 0.0,
          "text": "£0.00"
        },
        "isMarkedDown": false,
        "isOutletPrice": false
      },
      "weight": 50.0,
      "isPrimary": true,
      "navigateUrl": "/tweezerman/tweezerman-nail-rescue-kit/prd/816195",
      "isAvailable": true
    }
  ],
  "legacyMedia": {
    "images": [
      {
        "url": "http://images.asos-media.com/inv/media/4/9/1/6/816194/nailrescuekit/image1xxl.jpg",
        "size": "xxl",
        "colourCode": "NC1",
        "colour": "Nail rescue kit",
        "isPrimary": true,
        "type": "Standard"
      },
      {
        "url": "http://images.asos-media.com/inv/media/4/9/1/6/816194/nailrescuekit/image1xl.jpg",
        "size": "xl",
        "colourCode": "NC1",
        "colour": "Nail rescue kit",
        "isPrimary": true,
        "type": "Standard"
      },
      {
        "url": "http://images.asos-media.com/inv/media/4/9/1/6/816194/nailrescuekit/image1l.jpg",
        "size": "l",
        "colourCode": "NC1",
        "colour": "Nail rescue kit",
        "isPrimary": true,
        "type": "Standard"
      },
      {
        "url": "http://images.asos-media.com/inv/media/4/9/1/6/816194/nailrescuekit/image1xl.jpg",
        "size": "s",
        "colourCode": "NC1",
        "colour": "Nail rescue kit",
        "isPrimary": true,
        "type": "Standard"
      },
      {
        "url": "http://images.asos-media.com/inv/media/4/9/1/6/816194/nailrescuekit/image1xs.jpg",
        "size": "xs",
        "colourCode": "NC1",
        "colour": "Nail rescue kit",
        "isPrimary": true,
        "type": "Standard"
      },
      {
        "url": "http://images.asos-media.com/inv/media/4/9/1/6/816194/image2xxl.jpg",
        "size": "xxl",
        "colourCode": "",
        "colour": "",
        "isPrimary": false,
        "type": "Standard"
      },
      {
        "url": "http://images.asos-media.com/inv/media/4/9/1/6/816194/image2xl.jpg",
        "size": "xl",
        "colourCode": "",
        "colour": "",
        "isPrimary": false,
        "type": "Standard"
      },
      {
        "url": "http://images.asos-media.com/inv/media/4/9/1/6/816194/image2s.jpg",
        "size": "s",
        "colourCode": "",
        "colour": "",
        "isPrimary": false,
        "type": "Standard"
      },
      {
        "url": "http://images.asos-media.com/inv/media/4/9/1/6/816194/image2xs.jpg",
        "size": "xs",
        "colourCode": "",
        "colour": "",
        "isPrimary": false,
        "type": "Standard"
      }
    ]
  },
  "media": {
    "images": [
      {
        "url": "s7testing-images.asos-media.com/products/tweezerman-nail-rescue-kit/816194-1-nailrescuekit",
        "colourCode": "NC1",
        "colour": "Nail rescue kit",
        "isPrimary": true,
        "type": "Standard1"
      },
      {
        "url": "s7testing-images.asos-media.com/products/tweezerman-nail-rescue-kit/816194-2",
        "colourCode": "",
        "colour": "",
        "isPrimary": false,
        "type": "Standard2"
      }
    ],
    "catwalk": [],
    "spinSet": []
  },
  "webCategoryIds": [
    {
      "id": 1314
    },
    {
      "id": 5607
    },
    {
      "id": 13040
    },
    {
      "id": 14312
    },
    {
      "id": 14520
    },
    {
      "id": 14531
    },
    {
      "id": 16726
    },
    {
      "id": 16727
    },
    {
      "id": 24679
    }
  ],
  "navigateUrl": "/tweezerman/tweezerman-nail-rescue-kit/prd/816194",
  "statusId": 50000,
  "divisionId": 7,
  "isAvailable": true,
  "dateOnSite": "2016-05-10T17:13:19Z",
  "supplierRef": "4073-R",
  "lastModified": "2016-10-16T04:01:20.5190671Z",
  "lastTranslationModified": "2016-02-10T11:18:45.1Z",
  "associatedProductGroups": [
    {
      "id": 816194,
      "type": "CTL"
    }
  ],
  "price": {
    "currency": "GBP",
    "current": {
      "value": 22.0,
      "text": "£22.00"
    },
    "previous": {
      "value": 0.0,
      "text": "£0.00"
    },
    "rrp": {
      "value": 0.0,
      "text": "£0.00"
    },
    "isMarkedDown": false,
    "isOutletPrice": false
  }
}