{
  "id": 1138934,
  "language": "en-GB",
  "name": "BOSS By Hugo Boss 3 Pack Briefs",
  "description": "<a href=\" /Men/Underwear-Socks/Cat/pgecategory.aspx?cid=4030\"><strong>Briefs</strong></a> by <a href=\" /Men/A-To-Z-Of-Brands/Boss-Black/Cat/pgecategory.aspx?cid=4640\"><strong>BOSS By Hugo Boss</strong></a><ul>    <li>Three pack</li>    <li>Made from a cotton stretch fabric</li>    <li>Elasticated waistband</li>    <li>Signature branding</li>    <li>Form fitting design</li></ul>",
  "fabricConstruction": "Knitted",
  "materials": "Body: 95% Cotton, 5% Elastane.",
  "additionalInfo": "95% Cotton, 5% Elastane",
  "brand": {
    "name": "BOSS",
    "description": "BOSS offers an authentic and understated wardrobe for the modern man. Crafted from super-soft fabrics, BOSS bodywear, loungewear and accessory collections offer ultimate comfort and enduring style.",
    "brandId": 298
  },
  "careInfo": "Machine wash according to instructions on care label",
  "productCode": "YCXAA1138934",
  "category": "Briefs",
  "categoryId": 223,
  "department": "Underwear MB",
  "departmentId": 129,
  "division": "Menswear",
  "isReturnable": true,
  "store": "COM",
  "isInStock": true,
  "variants": [
    {
      "id": 1138935,
      "colourCode": "BK1",
      "sku": "YCXAA1138935",
      "colour": "Black",
      "attributes": [
        {
          "name": "PRODUCT TYPE",
          "value": "Underwear",
          "nameId": 900,
          "valueId": 1616,
          "isWebRefine": true,
          "languageCode": "en-GB",
          "lastModified": "0001-01-01T00:00:00"
        },
        {
          "name": "PATTERN",
          "value": "Plain",
          "nameId": 925,
          "valueId": 2370,
          "isWebRefine": false,
          "languageCode": "en-GB",
          "lastModified": "0001-01-01T00:00:00"
        },
        {
          "name": "NECKLINE",
          "value": "Not Applicable",
          "nameId": 941,
          "valueId": 2450,
          "isWebRefine": true,
          "languageCode": "en-GB",
          "lastModified": "0001-01-01T00:00:00"
        },
        {
          "name": "RETURNABLE",
          "value": "Yes",
          "nameId": 953,
          "valueId": 2625,
          "isWebRefine": false,
          "languageCode": "en-GB",
          "lastModified": "0001-01-01T00:00:00"
        },
        {
          "name": "VALUE/HIGH STREET/PREMIUM",
          "value": "High Street",
          "nameId": 954,
          "valueId": 2627,
          "isWebRefine": false,
          "languageCode": "en-GB",
          "lastModified": "0001-01-01T00:00:00"
        },
        {
          "name": "ORIGINAL SEASON",
          "value": "Spring summer 12",
          "nameId": 955,
          "valueId": 2636,
          "isWebRefine": false,
          "languageCode": "en-GB",
          "lastModified": "0001-01-01T00:00:00"
        },
        {
          "name": "SELLING PERIOD",
          "value": "Flow",
          "nameId": 944,
          "valueId": 2658,
          "isWebRefine": false,
          "languageCode": "en-GB",
          "lastModified": "0001-01-01T00:00:00"
        },
        {
          "name": "SAMPLE SIZE",
          "value": "Men's medium",
          "nameId": 956,
          "valueId": 2680,
          "isWebRefine": false,
          "languageCode": "en-GB",
          "lastModified": "0001-01-01T00:00:00"
        },
        {
          "name": "TREND (MEN'S)",
          "value": "Not Applicable",
          "nameId": 949,
          "valueId": 2753,
          "isWebRefine": false,
          "languageCode": "en-GB",
          "lastModified": "0001-01-01T00:00:00"
        },
        {
          "name": "TREND (WOMEN)",
          "value": "Not Applicable",
          "nameId": 950,
          "valueId": 2857,
          "isWebRefine": false,
          "languageCode": "en-GB",
          "lastModified": "0001-01-01T00:00:00"
        },
        {
          "name": "MALE MODELS",
          "value": "Bruno",
          "nameId": 951,
          "valueId": 2863,
          "isWebRefine": false,
          "languageCode": "en-GB",
          "lastModified": "2011-06-10T06:36:40.97Z"
        },
        {
          "name": "FEMALE MODELS",
          "value": "Not Applicable",
          "nameId": 952,
          "valueId": 3187,
          "isWebRefine": false,
          "languageCode": "en-GB",
          "lastModified": "2011-06-10T06:38:14.51Z"
        },
        {
          "name": "CARE LABELS",
          "value": "Brands",
          "nameId": 943,
          "valueId": 3227,
          "isWebRefine": false,
          "languageCode": "en-GB",
          "lastModified": "0001-01-01T00:00:00"
        },
        {
          "name": "COTTON INITIATIVE",
          "value": "Not Applicable",
          "nameId": 921,
          "valueId": 3230,
          "isWebRefine": false,
          "languageCode": "en-GB",
          "lastModified": "0001-01-01T00:00:00"
        },
        {
          "name": "ECO EDIT",
          "value": "Not Applicable",
          "nameId": 928,
          "valueId": 3239,
          "isWebRefine": false,
          "languageCode": "en-GB",
          "lastModified": "0001-01-01T00:00:00"
        },
        {
          "name": "FIT",
          "value": "Not Applicable",
          "nameId": 934,
          "valueId": 3257,
          "isWebRefine": true,
          "languageCode": "en-GB",
          "lastModified": "0001-01-01T00:00:00"
        },
        {
          "name": "MAGAZINE",
          "value": "Not Applicable",
          "nameId": 960,
          "valueId": 3280,
          "isWebRefine": false,
          "languageCode": "en-GB",
          "lastModified": "0001-01-01T00:00:00"
        },
        {
          "name": "SLEEVE LENGTH",
          "value": "Not Applicable",
          "nameId": 961,
          "valueId": 3321,
          "isWebRefine": true,
          "languageCode": "en-GB",
          "lastModified": "0001-01-01T00:00:00"
        },
        {
          "name": "EXCLUSIVE",
          "value": "No",
          "nameId": 965,
          "valueId": 3438,
          "isWebRefine": false,
          "languageCode": "en-GB",
          "lastModified": "0001-01-01T00:00:00"
        },
        {
          "name": "FLOW",
          "value": "Yes",
          "nameId": 966,
          "valueId": 3477,
          "isWebRefine": false,
          "languageCode": "en-GB",
          "lastModified": "0001-01-01T00:00:00"
        },
        {
          "name": "CARBON NEUTRAL",
          "value": "NO",
          "nameId": 971,
          "valueId": 3581,
          "isWebRefine": false,
          "languageCode": "en-GB",
          "lastModified": "0001-01-01T00:00:00"
        },
        {
          "name": "GOLD SEAL/BLIND GOLD SEAL",
          "value": "BLIND GOLD SEALED",
          "nameId": 974,
          "valueId": 3606,
          "isWebRefine": false,
          "languageCode": "en-GB",
          "lastModified": "0001-01-01T00:00:00"
        },
        {
          "name": "GIFTING",
          "value": "No",
          "nameId": 978,
          "valueId": 3631,
          "isWebRefine": false,
          "languageCode": "en-GB",
          "lastModified": "0001-01-01T00:00:00"
        },
        {
          "name": "SALE BUY",
          "value": "No",
          "nameId": 982,
          "valueId": 3683,
          "isWebRefine": false,
          "languageCode": "en-GB",
          "lastModified": "0001-01-01T00:00:00"
        },
        {
          "name": "CTL - STYLING ITEM",
          "value": "NO",
          "nameId": 984,
          "valueId": 3701,
          "isWebRefine": false,
          "languageCode": "en-GB",
          "lastModified": "0001-01-01T00:00:00"
        },
        {
          "name": "PRODUCT CLASSIFICATION",
          "value": "Core",
          "nameId": 987,
          "valueId": 3777,
          "isWebRefine": false,
          "languageCode": "en-GB",
          "lastModified": "0001-01-01T00:00:00"
        },
        {
          "name": "SUB CATEGORIES",
          "value": "Not Applicable",
          "nameId": 993,
          "valueId": 3904,
          "isWebRefine": false,
          "languageCode": "en-GB",
          "lastModified": "0001-01-01T00:00:00"
        },
        {
          "name": "COMMUNITY",
          "value": "No",
          "nameId": 1008,
          "valueId": 4204,
          "isWebRefine": false,
          "languageCode": "en-GB",
          "lastModified": "0001-01-01T00:00:00"
        },
        {
          "name": "STYLE DESTINATION",
          "value": "NOT CHINA",
          "nameId": 1010,
          "valueId": 4248,
          "isWebRefine": false,
          "languageCode": "en-GB",
          "lastModified": "0001-01-01T00:00:00"
        },
        {
          "name": "STYLE",
          "value": "Briefs and Thongs",
          "nameId": 989,
          "valueId": 5557,
          "isWebRefine": true,
          "languageCode": "en-GB",
          "lastModified": "0001-01-01T00:00:00"
        },
        {
          "name": "PRODUCT DETAIL",
          "value": "Briefs",
          "nameId": 1014,
          "valueId": 5824,
          "isWebRefine": false,
          "languageCode": "en-GB",
          "lastModified": "0001-01-01T00:00:00"
        },
        {
          "name": "SEASONAL EVENT",
          "value": "Not Applicable",
          "nameId": 1020,
          "valueId": 5994,
          "isWebRefine": false,
          "languageCode": "en-GB",
          "lastModified": "0001-01-01T00:00:00"
        },
        {
          "name": "BACK TO SCHOOL",
          "value": "Not Applicable",
          "nameId": 1021,
          "valueId": 5995,
          "isWebRefine": false,
          "languageCode": "en-GB",
          "lastModified": "0001-01-01T00:00:00"
        },
        {
          "name": "OCCASION & GOING OUT",
          "value": "Not Applicable",
          "nameId": 1024,
          "valueId": 6022,
          "isWebRefine": false,
          "languageCode": "en-GB",
          "lastModified": "0001-01-01T00:00:00"
        },
        {
          "name": "PRODUCT FIT",
          "value": "Not Applicable",
          "nameId": 1029,
          "valueId": 6537,
          "isWebRefine": false,
          "languageCode": "en-GB",
          "lastModified": "0001-01-01T00:00:00"
        },
        {
          "name": "LOUNGEWEAR TYPE",
          "value": "Not Applicable",
          "nameId": 1030,
          "valueId": 6692,
          "isWebRefine": true,
          "languageCode": "en-GB",
          "lastModified": "0001-01-01T00:00:00"
        },
        {
          "name": "MULTIPACK",
          "value": "3 Packs",
          "nameId": 1032,
          "valueId": 7025,
          "isWebRefine": true,
          "languageCode": "en-GB",
          "lastModified": "0001-01-01T00:00:00"
        },
        {
          "name": "CUSTOMER SEGMENTATION",
          "value": "Not Applicable",
          "nameId": 1033,
          "valueId": 7091,
          "isWebRefine": false,
          "languageCode": "en-GB",
          "lastModified": "0001-01-01T00:00:00"
        }
      ],
      "brandSizes": [
        {
          "name": "S",
          "schema": "UK",
          "text": "W28-30in (71-76cm)",
          "sortOrder": 23
        },
        {
          "name": "S",
          "schema": "US",
          "text": "W28-30in (71-76cm)",
          "sortOrder": 23
        },
        {
          "name": "S",
          "schema": "AU",
          "text": "W28-30in (71-76cm)",
          "sortOrder": 23
        },
        {
          "name": "S",
          "schema": "UK",
          "text": "",
          "sortOrder": 23
        },
        {
          "name": "S",
          "schema": "US",
          "text": "",
          "sortOrder": 23
        },
        {
          "name": "S",
          "schema": "AU",
          "text": "",
          "sortOrder": 23
        }
      ],
      "refinementSizes": [
        {
          "id": 1873,
          "name": "S",
          "schema": "UK",
          "sortOrder": 158
        },
        {
          "id": 1873,
          "name": "S",
          "schema": "US",
          "sortOrder": 158
        },
        {
          "id": 1873,
          "name": "S",
          "schema": "AU",
          "sortOrder": 158
        }
      ],
      "isInStock": true,
      "isLowInStock": true,
      "price": {
        "currency": "GBP",
        "current": {
          "value": 35.0,
          "text": "£35.00"
        },
        "previous": {
          "value": 35.0,
          "text": "£35.00"
        },
        "rrp": {
          "value": 0.0,
          "text": "£0.00"
        },
        "isMarkedDown": false,
        "isOutletPrice": false
      },
      "weight": 212.0,
      "isPrimary": true,
      "navigateUrl": "/boss/boss-by-hugo-boss-3-pack-briefs/prd/1138935",
      "isAvailable": true
    },
    {
      "id": 1138936,
      "colourCode": "BK1",
      "sku": "YCXAA1138936",
      "colour": "Black",
      "attributes": [
        {
          "name": "PRODUCT TYPE",
          "value": "Underwear",
          "nameId": 900,
          "valueId": 1616,
          "isWebRefine": true,
          "languageCode": "en-GB",
          "lastModified": "0001-01-01T00:00:00"
        },
        {
          "name": "PATTERN",
          "value": "Plain",
          "nameId": 925,
          "valueId": 2370,
          "isWebRefine": false,
          "languageCode": "en-GB",
          "lastModified": "0001-01-01T00:00:00"
        },
        {
          "name": "NECKLINE",
          "value": "Not Applicable",
          "nameId": 941,
          "valueId": 2450,
          "isWebRefine": true,
          "languageCode": "en-GB",
          "lastModified": "0001-01-01T00:00:00"
        },
        {
          "name": "RETURNABLE",
          "value": "Yes",
          "nameId": 953,
          "valueId": 2625,
          "isWebRefine": false,
          "languageCode": "en-GB",
          "lastModified": "0001-01-01T00:00:00"
        },
        {
          "name": "VALUE/HIGH STREET/PREMIUM",
          "value": "High Street",
          "nameId": 954,
          "valueId": 2627,
          "isWebRefine": false,
          "languageCode": "en-GB",
          "lastModified": "0001-01-01T00:00:00"
        },
        {
          "name": "ORIGINAL SEASON",
          "value": "Spring summer 12",
          "nameId": 955,
          "valueId": 2636,
          "isWebRefine": false,
          "languageCode": "en-GB",
          "lastModified": "0001-01-01T00:00:00"
        },
        {
          "name": "SELLING PERIOD",
          "value": "Flow",
          "nameId": 944,
          "valueId": 2658,
          "isWebRefine": false,
          "languageCode": "en-GB",
          "lastModified": "0001-01-01T00:00:00"
        },
        {
          "name": "SAMPLE SIZE",
          "value": "Men's medium",
          "nameId": 956,
          "valueId": 2680,
          "isWebRefine": false,
          "languageCode": "en-GB",
          "lastModified": "0001-01-01T00:00:00"
        },
        {
          "name": "TREND (MEN'S)",
          "value": "Not Applicable",
          "nameId": 949,
          "valueId": 2753,
          "isWebRefine": false,
          "languageCode": "en-GB",
          "lastModified": "0001-01-01T00:00:00"
        },
        {
          "name": "TREND (WOMEN)",
          "value": "Not Applicable",
          "nameId": 950,
          "valueId": 2857,
          "isWebRefine": false,
          "languageCode": "en-GB",
          "lastModified": "0001-01-01T00:00:00"
        },
        {
          "name": "MALE MODELS",
          "value": "Bruno",
          "nameId": 951,
          "valueId": 2863,
          "isWebRefine": false,
          "languageCode": "en-GB",
          "lastModified": "2011-06-10T06:36:40.97Z"
        },
        {
          "name": "FEMALE MODELS",
          "value": "Not Applicable",
          "nameId": 952,
          "valueId": 3187,
          "isWebRefine": false,
          "languageCode": "en-GB",
          "lastModified": "2011-06-10T06:38:14.51Z"
        },
        {
          "name": "CARE LABELS",
          "value": "Brands",
          "nameId": 943,
          "valueId": 3227,
          "isWebRefine": false,
          "languageCode": "en-GB",
          "lastModified": "0001-01-01T00:00:00"
        },
        {
          "name": "COTTON INITIATIVE",
          "value": "Not Applicable",
          "nameId": 921,
          "valueId": 3230,
          "isWebRefine": false,
          "languageCode": "en-GB",
          "lastModified": "0001-01-01T00:00:00"
        },
        {
          "name": "ECO EDIT",
          "value": "Not Applicable",
          "nameId": 928,
          "valueId": 3239,
          "isWebRefine": false,
          "languageCode": "en-GB",
          "lastModified": "0001-01-01T00:00:00"
        },
        {
          "name": "FIT",
          "value": "Not Applicable",
          "nameId": 934,
          "valueId": 3257,
          "isWebRefine": true,
          "languageCode": "en-GB",
          "lastModified": "0001-01-01T00:00:00"
        },
        {
          "name": "MAGAZINE",
          "value": "Not Applicable",
          "nameId": 960,
          "valueId": 3280,
          "isWebRefine": false,
          "languageCode": "en-GB",
          "lastModified": "0001-01-01T00:00:00"
        },
        {
          "name": "SLEEVE LENGTH",
          "value": "Not Applicable",
          "nameId": 961,
          "valueId": 3321,
          "isWebRefine": true,
          "languageCode": "en-GB",
          "lastModified": "0001-01-01T00:00:00"
        },
        {
          "name": "EXCLUSIVE",
          "value": "No",
          "nameId": 965,
          "valueId": 3438,
          "isWebRefine": false,
          "languageCode": "en-GB",
          "lastModified": "0001-01-01T00:00:00"
        },
        {
          "name": "FLOW",
          "value": "Yes",
          "nameId": 966,
          "valueId": 3477,
          "isWebRefine": false,
          "languageCode": "en-GB",
          "lastModified": "0001-01-01T00:00:00"
        },
        {
          "name": "CARBON NEUTRAL",
          "value": "NO",
          "nameId": 971,
          "valueId": 3581,
          "isWebRefine": false,
          "languageCode": "en-GB",
          "lastModified": "0001-01-01T00:00:00"
        },
        {
          "name": "GOLD SEAL/BLIND GOLD SEAL",
          "value": "BLIND GOLD SEALED",
          "nameId": 974,
          "valueId": 3606,
          "isWebRefine": false,
          "languageCode": "en-GB",
          "lastModified": "0001-01-01T00:00:00"
        },
        {
          "name": "GIFTING",
          "value": "No",
          "nameId": 978,
          "valueId": 3631,
          "isWebRefine": false,
          "languageCode": "en-GB",
          "lastModified": "0001-01-01T00:00:00"
        },
        {
          "name": "SALE BUY",
          "value": "No",
          "nameId": 982,
          "valueId": 3683,
          "isWebRefine": false,
          "languageCode": "en-GB",
          "lastModified": "0001-01-01T00:00:00"
        },
        {
          "name": "CTL - STYLING ITEM",
          "value": "NO",
          "nameId": 984,
          "valueId": 3701,
          "isWebRefine": false,
          "languageCode": "en-GB",
          "lastModified": "0001-01-01T00:00:00"
        },
        {
          "name": "PRODUCT CLASSIFICATION",
          "value": "Core",
          "nameId": 987,
          "valueId": 3777,
          "isWebRefine": false,
          "languageCode": "en-GB",
          "lastModified": "0001-01-01T00:00:00"
        },
        {
          "name": "SUB CATEGORIES",
          "value": "Not Applicable",
          "nameId": 993,
          "valueId": 3904,
          "isWebRefine": false,
          "languageCode": "en-GB",
          "lastModified": "0001-01-01T00:00:00"
        },
        {
          "name": "COMMUNITY",
          "value": "No",
          "nameId": 1008,
          "valueId": 4204,
          "isWebRefine": false,
          "languageCode": "en-GB",
          "lastModified": "0001-01-01T00:00:00"
        },
        {
          "name": "STYLE DESTINATION",
          "value": "NOT CHINA",
          "nameId": 1010,
          "valueId": 4248,
          "isWebRefine": false,
          "languageCode": "en-GB",
          "lastModified": "0001-01-01T00:00:00"
        },
        {
          "name": "STYLE",
          "value": "Briefs and Thongs",
          "nameId": 989,
          "valueId": 5557,
          "isWebRefine": true,
          "languageCode": "en-GB",
          "lastModified": "0001-01-01T00:00:00"
        },
        {
          "name": "PRODUCT DETAIL",
          "value": "Briefs",
          "nameId": 1014,
          "valueId": 5824,
          "isWebRefine": false,
          "languageCode": "en-GB",
          "lastModified": "0001-01-01T00:00:00"
        },
        {
          "name": "SEASONAL EVENT",
          "value": "Not Applicable",
          "nameId": 1020,
          "valueId": 5994,
          "isWebRefine": false,
          "languageCode": "en-GB",
          "lastModified": "0001-01-01T00:00:00"
        },
        {
          "name": "BACK TO SCHOOL",
          "value": "Not Applicable",
          "nameId": 1021,
          "valueId": 5995,
          "isWebRefine": false,
          "languageCode": "en-GB",
          "lastModified": "0001-01-01T00:00:00"
        },
        {
          "name": "OCCASION & GOING OUT",
          "value": "Not Applicable",
          "nameId": 1024,
          "valueId": 6022,
          "isWebRefine": false,
          "languageCode": "en-GB",
          "lastModified": "0001-01-01T00:00:00"
        },
        {
          "name": "PRODUCT FIT",
          "value": "Not Applicable",
          "nameId": 1029,
          "valueId": 6537,
          "isWebRefine": false,
          "languageCode": "en-GB",
          "lastModified": "0001-01-01T00:00:00"
        },
        {
          "name": "LOUNGEWEAR TYPE",
          "value": "Not Applicable",
          "nameId": 1030,
          "valueId": 6692,
          "isWebRefine": true,
          "languageCode": "en-GB",
          "lastModified": "0001-01-01T00:00:00"
        },
        {
          "name": "MULTIPACK",
          "value": "3 Packs",
          "nameId": 1032,
          "valueId": 7025,
          "isWebRefine": true,
          "languageCode": "en-GB",
          "lastModified": "0001-01-01T00:00:00"
        },
        {
          "name": "CUSTOMER SEGMENTATION",
          "value": "Not Applicable",
          "nameId": 1033,
          "valueId": 7091,
          "isWebRefine": false,
          "languageCode": "en-GB",
          "lastModified": "0001-01-01T00:00:00"
        }
      ],
      "brandSizes": [
        {
          "name": "M",
          "schema": "UK",
          "text": "W30-32in (76-81cm)",
          "sortOrder": 24
        },
        {
          "name": "M",
          "schema": "US",
          "text": "W30-32in (76-81cm)",
          "sortOrder": 24
        },
        {
          "name": "M",
          "schema": "AU",
          "text": "W30-32in (76-81cm)",
          "sortOrder": 24
        },
        {
          "name": "M",
          "schema": "UK",
          "text": "",
          "sortOrder": 24
        },
        {
          "name": "M",
          "schema": "US",
          "text": "",
          "sortOrder": 24
        },
        {
          "name": "M",
          "schema": "AU",
          "text": "",
          "sortOrder": 24
        },
        {
          "name": "M",
          "schema": "UK",
          "text": "W32-34in (81-86cm)",
          "sortOrder": 24
        },
        {
          "name": "M",
          "schema": "US",
          "text": "W32-34in (81-86cm)",
          "sortOrder": 24
        },
        {
          "name": "M",
          "schema": "AU",
          "text": "W32-34in (81-86cm)",
          "sortOrder": 24
        }
      ],
      "refinementSizes": [
        {
          "id": 1848,
          "name": "M",
          "schema": "UK",
          "sortOrder": 160
        },
        {
          "id": 1848,
          "name": "M",
          "schema": "US",
          "sortOrder": 160
        },
        {
          "id": 1848,
          "name": "M",
          "schema": "AU",
          "sortOrder": 160
        }
      ],
      "isInStock": true,
      "isLowInStock": false,
      "price": {
        "currency": "GBP",
        "current": {
          "value": 35.0,
          "text": "£35.00"
        },
        "previous": {
          "value": 35.0,
          "text": "£35.00"
        },
        "rrp": {
          "value": 0.0,
          "text": "£0.00"
        },
        "isMarkedDown": false,
        "isOutletPrice": false
      },
      "weight": 212.0,
      "isPrimary": true,
      "navigateUrl": "/boss/boss-by-hugo-boss-3-pack-briefs/prd/1138936",
      "isAvailable": true
    },
    {
      "id": 1138937,
      "colourCode": "BK1",
      "sku": "YCXAA1138937",
      "colour": "Black",
      "attributes": [
        {
          "name": "PRODUCT TYPE",
          "value": "Underwear",
          "nameId": 900,
          "valueId": 1616,
          "isWebRefine": true,
          "languageCode": "en-GB",
          "lastModified": "0001-01-01T00:00:00"
        },
        {
          "name": "PATTERN",
          "value": "Plain",
          "nameId": 925,
          "valueId": 2370,
          "isWebRefine": false,
          "languageCode": "en-GB",
          "lastModified": "0001-01-01T00:00:00"
        },
        {
          "name": "NECKLINE",
          "value": "Not Applicable",
          "nameId": 941,
          "valueId": 2450,
          "isWebRefine": true,
          "languageCode": "en-GB",
          "lastModified": "0001-01-01T00:00:00"
        },
        {
          "name": "RETURNABLE",
          "value": "Yes",
          "nameId": 953,
          "valueId": 2625,
          "isWebRefine": false,
          "languageCode": "en-GB",
          "lastModified": "0001-01-01T00:00:00"
        },
        {
          "name": "VALUE/HIGH STREET/PREMIUM",
          "value": "High Street",
          "nameId": 954,
          "valueId": 2627,
          "isWebRefine": false,
          "languageCode": "en-GB",
          "lastModified": "0001-01-01T00:00:00"
        },
        {
          "name": "ORIGINAL SEASON",
          "value": "Spring summer 12",
          "nameId": 955,
          "valueId": 2636,
          "isWebRefine": false,
          "languageCode": "en-GB",
          "lastModified": "0001-01-01T00:00:00"
        },
        {
          "name": "SELLING PERIOD",
          "value": "Flow",
          "nameId": 944,
          "valueId": 2658,
          "isWebRefine": false,
          "languageCode": "en-GB",
          "lastModified": "0001-01-01T00:00:00"
        },
        {
          "name": "SAMPLE SIZE",
          "value": "Men's medium",
          "nameId": 956,
          "valueId": 2680,
          "isWebRefine": false,
          "languageCode": "en-GB",
          "lastModified": "0001-01-01T00:00:00"
        },
        {
          "name": "TREND (MEN'S)",
          "value": "Not Applicable",
          "nameId": 949,
          "valueId": 2753,
          "isWebRefine": false,
          "languageCode": "en-GB",
          "lastModified": "0001-01-01T00:00:00"
        },
        {
          "name": "TREND (WOMEN)",
          "value": "Not Applicable",
          "nameId": 950,
          "valueId": 2857,
          "isWebRefine": false,
          "languageCode": "en-GB",
          "lastModified": "0001-01-01T00:00:00"
        },
        {
          "name": "MALE MODELS",
          "value": "Bruno",
          "nameId": 951,
          "valueId": 2863,
          "isWebRefine": false,
          "languageCode": "en-GB",
          "lastModified": "2011-06-10T06:36:40.97Z"
        },
        {
          "name": "FEMALE MODELS",
          "value": "Not Applicable",
          "nameId": 952,
          "valueId": 3187,
          "isWebRefine": false,
          "languageCode": "en-GB",
          "lastModified": "2011-06-10T06:38:14.51Z"
        },
        {
          "name": "CARE LABELS",
          "value": "Brands",
          "nameId": 943,
          "valueId": 3227,
          "isWebRefine": false,
          "languageCode": "en-GB",
          "lastModified": "0001-01-01T00:00:00"
        },
        {
          "name": "COTTON INITIATIVE",
          "value": "Not Applicable",
          "nameId": 921,
          "valueId": 3230,
          "isWebRefine": false,
          "languageCode": "en-GB",
          "lastModified": "0001-01-01T00:00:00"
        },
        {
          "name": "ECO EDIT",
          "value": "Not Applicable",
          "nameId": 928,
          "valueId": 3239,
          "isWebRefine": false,
          "languageCode": "en-GB",
          "lastModified": "0001-01-01T00:00:00"
        },
        {
          "name": "FIT",
          "value": "Not Applicable",
          "nameId": 934,
          "valueId": 3257,
          "isWebRefine": true,
          "languageCode": "en-GB",
          "lastModified": "0001-01-01T00:00:00"
        },
        {
          "name": "MAGAZINE",
          "value": "Not Applicable",
          "nameId": 960,
          "valueId": 3280,
          "isWebRefine": false,
          "languageCode": "en-GB",
          "lastModified": "0001-01-01T00:00:00"
        },
        {
          "name": "SLEEVE LENGTH",
          "value": "Not Applicable",
          "nameId": 961,
          "valueId": 3321,
          "isWebRefine": true,
          "languageCode": "en-GB",
          "lastModified": "0001-01-01T00:00:00"
        },
        {
          "name": "EXCLUSIVE",
          "value": "No",
          "nameId": 965,
          "valueId": 3438,
          "isWebRefine": false,
          "languageCode": "en-GB",
          "lastModified": "0001-01-01T00:00:00"
        },
        {
          "name": "FLOW",
          "value": "Yes",
          "nameId": 966,
          "valueId": 3477,
          "isWebRefine": false,
          "languageCode": "en-GB",
          "lastModified": "0001-01-01T00:00:00"
        },
        {
          "name": "CARBON NEUTRAL",
          "value": "NO",
          "nameId": 971,
          "valueId": 3581,
          "isWebRefine": false,
          "languageCode": "en-GB",
          "lastModified": "0001-01-01T00:00:00"
        },
        {
          "name": "GOLD SEAL/BLIND GOLD SEAL",
          "value": "BLIND GOLD SEALED",
          "nameId": 974,
          "valueId": 3606,
          "isWebRefine": false,
          "languageCode": "en-GB",
          "lastModified": "0001-01-01T00:00:00"
        },
        {
          "name": "GIFTING",
          "value": "No",
          "nameId": 978,
          "valueId": 3631,
          "isWebRefine": false,
          "languageCode": "en-GB",
          "lastModified": "0001-01-01T00:00:00"
        },
        {
          "name": "SALE BUY",
          "value": "No",
          "nameId": 982,
          "valueId": 3683,
          "isWebRefine": false,
          "languageCode": "en-GB",
          "lastModified": "0001-01-01T00:00:00"
        },
        {
          "name": "CTL - STYLING ITEM",
          "value": "NO",
          "nameId": 984,
          "valueId": 3701,
          "isWebRefine": false,
          "languageCode": "en-GB",
          "lastModified": "0001-01-01T00:00:00"
        },
        {
          "name": "PRODUCT CLASSIFICATION",
          "value": "Core",
          "nameId": 987,
          "valueId": 3777,
          "isWebRefine": false,
          "languageCode": "en-GB",
          "lastModified": "0001-01-01T00:00:00"
        },
        {
          "name": "SUB CATEGORIES",
          "value": "Not Applicable",
          "nameId": 993,
          "valueId": 3904,
          "isWebRefine": false,
          "languageCode": "en-GB",
          "lastModified": "0001-01-01T00:00:00"
        },
        {
          "name": "COMMUNITY",
          "value": "No",
          "nameId": 1008,
          "valueId": 4204,
          "isWebRefine": false,
          "languageCode": "en-GB",
          "lastModified": "0001-01-01T00:00:00"
        },
        {
          "name": "STYLE DESTINATION",
          "value": "NOT CHINA",
          "nameId": 1010,
          "valueId": 4248,
          "isWebRefine": false,
          "languageCode": "en-GB",
          "lastModified": "0001-01-01T00:00:00"
        },
        {
          "name": "STYLE",
          "value": "Briefs and Thongs",
          "nameId": 989,
          "valueId": 5557,
          "isWebRefine": true,
          "languageCode": "en-GB",
          "lastModified": "0001-01-01T00:00:00"
        },
        {
          "name": "PRODUCT DETAIL",
          "value": "Briefs",
          "nameId": 1014,
          "valueId": 5824,
          "isWebRefine": false,
          "languageCode": "en-GB",
          "lastModified": "0001-01-01T00:00:00"
        },
        {
          "name": "SEASONAL EVENT",
          "value": "Not Applicable",
          "nameId": 1020,
          "valueId": 5994,
          "isWebRefine": false,
          "languageCode": "en-GB",
          "lastModified": "0001-01-01T00:00:00"
        },
        {
          "name": "BACK TO SCHOOL",
          "value": "Not Applicable",
          "nameId": 1021,
          "valueId": 5995,
          "isWebRefine": false,
          "languageCode": "en-GB",
          "lastModified": "0001-01-01T00:00:00"
        },
        {
          "name": "OCCASION & GOING OUT",
          "value": "Not Applicable",
          "nameId": 1024,
          "valueId": 6022,
          "isWebRefine": false,
          "languageCode": "en-GB",
          "lastModified": "0001-01-01T00:00:00"
        },
        {
          "name": "PRODUCT FIT",
          "value": "Not Applicable",
          "nameId": 1029,
          "valueId": 6537,
          "isWebRefine": false,
          "languageCode": "en-GB",
          "lastModified": "0001-01-01T00:00:00"
        },
        {
          "name": "LOUNGEWEAR TYPE",
          "value": "Not Applicable",
          "nameId": 1030,
          "valueId": 6692,
          "isWebRefine": true,
          "languageCode": "en-GB",
          "lastModified": "0001-01-01T00:00:00"
        },
        {
          "name": "MULTIPACK",
          "value": "3 Packs",
          "nameId": 1032,
          "valueId": 7025,
          "isWebRefine": true,
          "languageCode": "en-GB",
          "lastModified": "0001-01-01T00:00:00"
        },
        {
          "name": "CUSTOMER SEGMENTATION",
          "value": "Not Applicable",
          "nameId": 1033,
          "valueId": 7091,
          "isWebRefine": false,
          "languageCode": "en-GB",
          "lastModified": "0001-01-01T00:00:00"
        }
      ],
      "brandSizes": [
        {
          "name": "L",
          "schema": "UK",
          "text": "W32-34in (81-86cm)",
          "sortOrder": 25
        },
        {
          "name": "L",
          "schema": "US",
          "text": "W32-34in (81-86cm)",
          "sortOrder": 25
        },
        {
          "name": "L",
          "schema": "AU",
          "text": "W32-34in (81-86cm)",
          "sortOrder": 25
        },
        {
          "name": "L",
          "schema": "UK",
          "text": "",
          "sortOrder": 25
        },
        {
          "name": "L",
          "schema": "US",
          "text": "",
          "sortOrder": 25
        },
        {
          "name": "L",
          "schema": "AU",
          "text": "",
          "sortOrder": 25
        },
        {
          "name": "L",
          "schema": "UK",
          "text": "W36-38in (91-96cm)",
          "sortOrder": 25
        },
        {
          "name": "L",
          "schema": "US",
          "text": "W36-38in (91-96cm)",
          "sortOrder": 25
        },
        {
          "name": "L",
          "schema": "AU",
          "text": "W36-38in (91-96cm)",
          "sortOrder": 25
        }
      ],
      "refinementSizes": [
        {
          "id": 1943,
          "name": "L",
          "schema": "UK",
          "sortOrder": 161
        },
        {
          "id": 1943,
          "name": "L",
          "schema": "US",
          "sortOrder": 161
        },
        {
          "id": 1943,
          "name": "L",
          "schema": "AU",
          "sortOrder": 161
        }
      ],
      "isInStock": true,
      "isLowInStock": true,
      "price": {
        "currency": "GBP",
        "current": {
          "value": 35.0,
          "text": "£35.00"
        },
        "previous": {
          "value": 35.0,
          "text": "£35.00"
        },
        "rrp": {
          "value": 0.0,
          "text": "£0.00"
        },
        "isMarkedDown": false,
        "isOutletPrice": false
      },
      "weight": 212.0,
      "isPrimary": true,
      "navigateUrl": "/boss/boss-by-hugo-boss-3-pack-briefs/prd/1138937",
      "isAvailable": true
    },
    {
      "id": 1138938,
      "colourCode": "BK1",
      "sku": "YCXAA1138938",
      "colour": "Black",
      "attributes": [
        {
          "name": "PRODUCT TYPE",
          "value": "Underwear",
          "nameId": 900,
          "valueId": 1616,
          "isWebRefine": true,
          "languageCode": "en-GB",
          "lastModified": "0001-01-01T00:00:00"
        },
        {
          "name": "PATTERN",
          "value": "Plain",
          "nameId": 925,
          "valueId": 2370,
          "isWebRefine": false,
          "languageCode": "en-GB",
          "lastModified": "0001-01-01T00:00:00"
        },
        {
          "name": "NECKLINE",
          "value": "Not Applicable",
          "nameId": 941,
          "valueId": 2450,
          "isWebRefine": true,
          "languageCode": "en-GB",
          "lastModified": "0001-01-01T00:00:00"
        },
        {
          "name": "RETURNABLE",
          "value": "Yes",
          "nameId": 953,
          "valueId": 2625,
          "isWebRefine": false,
          "languageCode": "en-GB",
          "lastModified": "0001-01-01T00:00:00"
        },
        {
          "name": "VALUE/HIGH STREET/PREMIUM",
          "value": "High Street",
          "nameId": 954,
          "valueId": 2627,
          "isWebRefine": false,
          "languageCode": "en-GB",
          "lastModified": "0001-01-01T00:00:00"
        },
        {
          "name": "ORIGINAL SEASON",
          "value": "Spring summer 12",
          "nameId": 955,
          "valueId": 2636,
          "isWebRefine": false,
          "languageCode": "en-GB",
          "lastModified": "0001-01-01T00:00:00"
        },
        {
          "name": "SELLING PERIOD",
          "value": "Flow",
          "nameId": 944,
          "valueId": 2658,
          "isWebRefine": false,
          "languageCode": "en-GB",
          "lastModified": "0001-01-01T00:00:00"
        },
        {
          "name": "SAMPLE SIZE",
          "value": "Men's medium",
          "nameId": 956,
          "valueId": 2680,
          "isWebRefine": false,
          "languageCode": "en-GB",
          "lastModified": "0001-01-01T00:00:00"
        },
        {
          "name": "TREND (MEN'S)",
          "value": "Not Applicable",
          "nameId": 949,
          "valueId": 2753,
          "isWebRefine": false,
          "languageCode": "en-GB",
          "lastModified": "0001-01-01T00:00:00"
        },
        {
          "name": "TREND (WOMEN)",
          "value": "Not Applicable",
          "nameId": 950,
          "valueId": 2857,
          "isWebRefine": false,
          "languageCode": "en-GB",
          "lastModified": "0001-01-01T00:00:00"
        },
        {
          "name": "MALE MODELS",
          "value": "Bruno",
          "nameId": 951,
          "valueId": 2863,
          "isWebRefine": false,
          "languageCode": "en-GB",
          "lastModified": "2011-06-10T06:36:40.97Z"
        },
        {
          "name": "FEMALE MODELS",
          "value": "Not Applicable",
          "nameId": 952,
          "valueId": 3187,
          "isWebRefine": false,
          "languageCode": "en-GB",
          "lastModified": "2011-06-10T06:38:14.51Z"
        },
        {
          "name": "CARE LABELS",
          "value": "Brands",
          "nameId": 943,
          "valueId": 3227,
          "isWebRefine": false,
          "languageCode": "en-GB",
          "lastModified": "0001-01-01T00:00:00"
        },
        {
          "name": "COTTON INITIATIVE",
          "value": "Not Applicable",
          "nameId": 921,
          "valueId": 3230,
          "isWebRefine": false,
          "languageCode": "en-GB",
          "lastModified": "0001-01-01T00:00:00"
        },
        {
          "name": "ECO EDIT",
          "value": "Not Applicable",
          "nameId": 928,
          "valueId": 3239,
          "isWebRefine": false,
          "languageCode": "en-GB",
          "lastModified": "0001-01-01T00:00:00"
        },
        {
          "name": "FIT",
          "value": "Not Applicable",
          "nameId": 934,
          "valueId": 3257,
          "isWebRefine": true,
          "languageCode": "en-GB",
          "lastModified": "0001-01-01T00:00:00"
        },
        {
          "name": "MAGAZINE",
          "value": "Not Applicable",
          "nameId": 960,
          "valueId": 3280,
          "isWebRefine": false,
          "languageCode": "en-GB",
          "lastModified": "0001-01-01T00:00:00"
        },
        {
          "name": "SLEEVE LENGTH",
          "value": "Not Applicable",
          "nameId": 961,
          "valueId": 3321,
          "isWebRefine": true,
          "languageCode": "en-GB",
          "lastModified": "0001-01-01T00:00:00"
        },
        {
          "name": "EXCLUSIVE",
          "value": "No",
          "nameId": 965,
          "valueId": 3438,
          "isWebRefine": false,
          "languageCode": "en-GB",
          "lastModified": "0001-01-01T00:00:00"
        },
        {
          "name": "FLOW",
          "value": "Yes",
          "nameId": 966,
          "valueId": 3477,
          "isWebRefine": false,
          "languageCode": "en-GB",
          "lastModified": "0001-01-01T00:00:00"
        },
        {
          "name": "CARBON NEUTRAL",
          "value": "NO",
          "nameId": 971,
          "valueId": 3581,
          "isWebRefine": false,
          "languageCode": "en-GB",
          "lastModified": "0001-01-01T00:00:00"
        },
        {
          "name": "GOLD SEAL/BLIND GOLD SEAL",
          "value": "BLIND GOLD SEALED",
          "nameId": 974,
          "valueId": 3606,
          "isWebRefine": false,
          "languageCode": "en-GB",
          "lastModified": "0001-01-01T00:00:00"
        },
        {
          "name": "GIFTING",
          "value": "No",
          "nameId": 978,
          "valueId": 3631,
          "isWebRefine": false,
          "languageCode": "en-GB",
          "lastModified": "0001-01-01T00:00:00"
        },
        {
          "name": "SALE BUY",
          "value": "No",
          "nameId": 982,
          "valueId": 3683,
          "isWebRefine": false,
          "languageCode": "en-GB",
          "lastModified": "0001-01-01T00:00:00"
        },
        {
          "name": "CTL - STYLING ITEM",
          "value": "NO",
          "nameId": 984,
          "valueId": 3701,
          "isWebRefine": false,
          "languageCode": "en-GB",
          "lastModified": "0001-01-01T00:00:00"
        },
        {
          "name": "PRODUCT CLASSIFICATION",
          "value": "Core",
          "nameId": 987,
          "valueId": 3777,
          "isWebRefine": false,
          "languageCode": "en-GB",
          "lastModified": "0001-01-01T00:00:00"
        },
        {
          "name": "SUB CATEGORIES",
          "value": "Not Applicable",
          "nameId": 993,
          "valueId": 3904,
          "isWebRefine": false,
          "languageCode": "en-GB",
          "lastModified": "0001-01-01T00:00:00"
        },
        {
          "name": "COMMUNITY",
          "value": "No",
          "nameId": 1008,
          "valueId": 4204,
          "isWebRefine": false,
          "languageCode": "en-GB",
          "lastModified": "0001-01-01T00:00:00"
        },
        {
          "name": "STYLE DESTINATION",
          "value": "NOT CHINA",
          "nameId": 1010,
          "valueId": 4248,
          "isWebRefine": false,
          "languageCode": "en-GB",
          "lastModified": "0001-01-01T00:00:00"
        },
        {
          "name": "STYLE",
          "value": "Briefs and Thongs",
          "nameId": 989,
          "valueId": 5557,
          "isWebRefine": true,
          "languageCode": "en-GB",
          "lastModified": "0001-01-01T00:00:00"
        },
        {
          "name": "PRODUCT DETAIL",
          "value": "Briefs",
          "nameId": 1014,
          "valueId": 5824,
          "isWebRefine": false,
          "languageCode": "en-GB",
          "lastModified": "0001-01-01T00:00:00"
        },
        {
          "name": "SEASONAL EVENT",
          "value": "Not Applicable",
          "nameId": 1020,
          "valueId": 5994,
          "isWebRefine": false,
          "languageCode": "en-GB",
          "lastModified": "0001-01-01T00:00:00"
        },
        {
          "name": "BACK TO SCHOOL",
          "value": "Not Applicable",
          "nameId": 1021,
          "valueId": 5995,
          "isWebRefine": false,
          "languageCode": "en-GB",
          "lastModified": "0001-01-01T00:00:00"
        },
        {
          "name": "OCCASION & GOING OUT",
          "value": "Not Applicable",
          "nameId": 1024,
          "valueId": 6022,
          "isWebRefine": false,
          "languageCode": "en-GB",
          "lastModified": "0001-01-01T00:00:00"
        },
        {
          "name": "PRODUCT FIT",
          "value": "Not Applicable",
          "nameId": 1029,
          "valueId": 6537,
          "isWebRefine": false,
          "languageCode": "en-GB",
          "lastModified": "0001-01-01T00:00:00"
        },
        {
          "name": "LOUNGEWEAR TYPE",
          "value": "Not Applicable",
          "nameId": 1030,
          "valueId": 6692,
          "isWebRefine": true,
          "languageCode": "en-GB",
          "lastModified": "0001-01-01T00:00:00"
        },
        {
          "name": "MULTIPACK",
          "value": "3 Packs",
          "nameId": 1032,
          "valueId": 7025,
          "isWebRefine": true,
          "languageCode": "en-GB",
          "lastModified": "0001-01-01T00:00:00"
        },
        {
          "name": "CUSTOMER SEGMENTATION",
          "value": "Not Applicable",
          "nameId": 1033,
          "valueId": 7091,
          "isWebRefine": false,
          "languageCode": "en-GB",
          "lastModified": "0001-01-01T00:00:00"
        }
      ],
      "brandSizes": [
        {
          "name": "XL",
          "schema": "UK",
          "text": "W34-36in (86-91cm)",
          "sortOrder": 26
        },
        {
          "name": "XL",
          "schema": "US",
          "text": "W34-36in (86-91cm)",
          "sortOrder": 26
        },
        {
          "name": "XL",
          "schema": "AU",
          "text": "W34-36in (86-91cm)",
          "sortOrder": 26
        },
        {
          "name": "XL",
          "schema": "UK",
          "text": "",
          "sortOrder": 26
        },
        {
          "name": "XL",
          "schema": "US",
          "text": "",
          "sortOrder": 26
        },
        {
          "name": "XL",
          "schema": "AU",
          "text": "",
          "sortOrder": 26
        },
        {
          "name": "XL",
          "schema": "UK",
          "text": "W40-42in (101-106cm)",
          "sortOrder": 26
        },
        {
          "name": "XL",
          "schema": "US",
          "text": "W40-42in (101-106cm)",
          "sortOrder": 26
        },
        {
          "name": "XL",
          "schema": "AU",
          "text": "W40-42in (101-106cm)",
          "sortOrder": 26
        }
      ],
      "refinementSizes": [
        {
          "id": 1881,
          "name": "XL",
          "schema": "UK",
          "sortOrder": 162
        },
        {
          "id": 1881,
          "name": "XL",
          "schema": "US",
          "sortOrder": 162
        },
        {
          "id": 1881,
          "name": "XL",
          "schema": "AU",
          "sortOrder": 162
        }
      ],
      "isInStock": true,
      "isLowInStock": true,
      "price": {
        "currency": "GBP",
        "current": {
          "value": 35.0,
          "text": "£35.00"
        },
        "previous": {
          "value": 35.0,
          "text": "£35.00"
        },
        "rrp": {
          "value": 0.0,
          "text": "£0.00"
        },
        "isMarkedDown": false,
        "isOutletPrice": false
      },
      "weight": 212.0,
      "isPrimary": true,
      "navigateUrl": "/boss/boss-by-hugo-boss-3-pack-briefs/prd/1138938",
      "isAvailable": true
    }
  ],
  "legacyMedia": {
    "images": [
      {
        "url": "http://images.asos-media.com/inv/media/4/3/9/8/1138934/black/image1xs.jpg",
        "size": "xs",
        "colourCode": "BK1",
        "colour": "Black",
        "isPrimary": true,
        "type": "Standard"
      },
      {
        "url": "http://images.asos-media.com/inv/media/4/3/9/8/1138934/black/image1xl.jpg",
        "size": "s",
        "colourCode": "BK1",
        "colour": "Black",
        "isPrimary": true,
        "type": "Standard"
      },
      {
        "url": "http://images.asos-media.com/inv/media/4/3/9/8/1138934/black/image1l.jpg",
        "size": "l",
        "colourCode": "BK1",
        "colour": "Black",
        "isPrimary": true,
        "type": "Standard"
      },
      {
        "url": "http://images.asos-media.com/inv/media/4/3/9/8/1138934/black/image1xl.jpg",
        "size": "xl",
        "colourCode": "BK1",
        "colour": "Black",
        "isPrimary": true,
        "type": "Standard"
      },
      {
        "url": "http://images.asos-media.com/inv/media/4/3/9/8/1138934/black/image1xxl.jpg",
        "size": "xxl",
        "colourCode": "BK1",
        "colour": "Black",
        "isPrimary": true,
        "type": "Standard"
      },
      {
        "url": "http://images.asos-media.com/inv/media/4/3/9/8/1138934/image2s.jpg",
        "size": "s",
        "colourCode": "",
        "colour": "",
        "isPrimary": false,
        "type": "Standard"
      },
      {
        "url": "http://images.asos-media.com/inv/media/4/3/9/8/1138934/image2xl.jpg",
        "size": "xl",
        "colourCode": "",
        "colour": "",
        "isPrimary": false,
        "type": "Standard"
      },
      {
        "url": "http://images.asos-media.com/inv/media/4/3/9/8/1138934/image2xxl.jpg",
        "size": "xxl",
        "colourCode": "",
        "colour": "",
        "isPrimary": false,
        "type": "Standard"
      },
      {
        "url": "http://images.asos-media.com/inv/media/4/3/9/8/1138934/image3s.jpg",
        "size": "s",
        "colourCode": "",
        "colour": "",
        "isPrimary": false,
        "type": "Standard"
      },
      {
        "url": "http://images.asos-media.com/inv/media/4/3/9/8/1138934/image3xl.jpg",
        "size": "xl",
        "colourCode": "",
        "colour": "",
        "isPrimary": false,
        "type": "Standard"
      },
      {
        "url": "http://images.asos-media.com/inv/media/4/3/9/8/1138934/image3xxl.jpg",
        "size": "xxl",
        "colourCode": "",
        "colour": "",
        "isPrimary": false,
        "type": "Standard"
      },
      {
        "url": "http://images.asos-media.com/inv/media/4/3/9/8/1138934/image4s.jpg",
        "size": "s",
        "colourCode": "",
        "colour": "",
        "isPrimary": false,
        "type": "Standard"
      },
      {
        "url": "http://images.asos-media.com/inv/media/4/3/9/8/1138934/image4xl.jpg",
        "size": "xl",
        "colourCode": "",
        "colour": "",
        "isPrimary": false,
        "type": "Standard"
      },
      {
        "url": "http://images.asos-media.com/inv/media/4/3/9/8/1138934/image4xxl.jpg",
        "size": "xxl",
        "colourCode": "",
        "colour": "",
        "isPrimary": false,
        "type": "Standard"
      }
    ]
  },
  "media": {
    "images": [
      {
        "url": "s7testing-images.asos-media.com/products/boss-by-hugo-boss-3-pack-briefs/1138934-1-black",
        "colourCode": "BK1",
        "colour": "Black",
        "isPrimary": true,
        "type": "Standard1"
      },
      {
        "url": "s7testing-images.asos-media.com/products/boss-by-hugo-boss-3-pack-briefs/1138934-2",
        "colourCode": "",
        "colour": "",
        "isPrimary": false,
        "type": "Standard2"
      },
      {
        "url": "s7testing-images.asos-media.com/products/boss-by-hugo-boss-3-pack-briefs/1138934-3",
        "colourCode": "",
        "colour": "",
        "isPrimary": false,
        "type": "Standard3"
      },
      {
        "url": "s7testing-images.asos-media.com/products/boss-by-hugo-boss-3-pack-briefs/1138934-4",
        "colourCode": "",
        "colour": "",
        "isPrimary": false,
        "type": "Standard4"
      }
    ],
    "catwalk": [],
    "spinSet": []
  },
  "webCategoryIds": [
    {
      "id": 4030
    },
    {
      "id": 14655
    },
    {
      "id": 20317
    },
    {
      "id": 20831
    },
    {
      "id": 21243
    }
  ],
  "navigateUrl": "/boss/boss-by-hugo-boss-3-pack-briefs/prd/1138934",
  "statusId": 50000,
  "divisionId": 5,
  "isAvailable": true,
  "dateOnSite": "2015-12-15T01:37:01Z",
  "supplierRef": "50186179 001",
  "lastModified": "2016-10-14T16:00:25.0094264Z",
  "lastTranslationModified": "2016-10-11T16:32:47.183Z",
  "associatedProductGroups": [
    {
      "id": 1138934,
      "type": "CTL"
    }
  ],
  "price": {
    "currency": "GBP",
    "current": {
      "value": 35.0,
      "text": "£35.00"
    },
    "previous": {
      "value": 0.0,
      "text": "£0.00"
    },
    "rrp": {
      "value": 0.0,
      "text": "£0.00"
    },
    "isMarkedDown": false,
    "isOutletPrice": false
  }
}