{
  "id": 1333420,
  "language": "en-GB",
  "name": "Benefit POREfessional 22ml",
  "description": "<b>Skin balm</b> by <a href=\"/Beauty/A-To-Z-Of-Brands/Benefit/Cat/pgecategory.aspx?cid=5842\"><strong>Benefit</strong></a><ul>    <li>Oil-free lightweight balm</li><li>Silky-feel finish&nbsp;</li>    <li>Designed to minimise the appearance of pores&nbsp;</li>    <li>Gives skin a smooth finish&nbsp;</li><li>For best results apply before and after makeup&nbsp;</li><li>Compliments all skin tones&nbsp;</li><li>Product size 22ml</li></ul>",
  "fabricConstruction": "Non Clothing",
  "additionalInfo": "Product size: 22ml",
  "brand": {
    "name": "Benefit",
    "description": "<a href=\"/Beauty/A-To-Z-Of-Brands/Benefit/Cat/pgecategory.aspx?cid=5842\"><strong>Benefit</strong></a> combine candy colour hues with all American charm to create their whimsical cosmetic line. After reaching cult status with their multipurpose Benetint, Jean and Jane Ford forged ahead, creating everything from mascaras, to face primers, blushers and lip glosses; all encased in vintage style packaging, effortlessly capturing the brand&rsquo;s frivolous nature.",
    "brandId": 3498
  },
  "careInfo": "&nbsp;<br>",
  "productCode": "YAGAM1333420",
  "category": "Make-up",
  "categoryId": 306,
  "department": "Beauty WB",
  "departmentId": 28,
  "division": "Womenswear",
  "isReturnable": true,
  "store": "COM",
  "isInStock": true,
  "variants": [
    {
      "id": 1333421,
      "colourCode": "NC1",
      "sku": "YAGAM1333421",
      "colour": "Pore fessional",
      "attributes": [
        {
          "name": "RETURNABLE",
          "value": "Yes",
          "nameId": 953,
          "valueId": 2625,
          "isWebRefine": false,
          "languageCode": "en-GB",
          "lastModified": "0001-01-01T00:00:00"
        },
        {
          "name": "VALUE/HIGH STREET/PREMIUM",
          "value": "Premium",
          "nameId": 954,
          "valueId": 2629,
          "isWebRefine": false,
          "languageCode": "en-GB",
          "lastModified": "0001-01-01T00:00:00"
        },
        {
          "name": "ORIGINAL SEASON",
          "value": "Autumn winter 11",
          "nameId": 955,
          "valueId": 2635,
          "isWebRefine": false,
          "languageCode": "en-GB",
          "lastModified": "0001-01-01T00:00:00"
        },
        {
          "name": "SELLING PERIOD",
          "value": "Flow",
          "nameId": 944,
          "valueId": 2658,
          "isWebRefine": false,
          "languageCode": "en-GB",
          "lastModified": "0001-01-01T00:00:00"
        },
        {
          "name": "SAMPLE SIZE",
          "value": "Not Applicable",
          "nameId": 956,
          "valueId": 2690,
          "isWebRefine": false,
          "languageCode": "en-GB",
          "lastModified": "0001-01-01T00:00:00"
        },
        {
          "name": "TREND (MEN'S)",
          "value": "Not Applicable",
          "nameId": 949,
          "valueId": 2753,
          "isWebRefine": false,
          "languageCode": "en-GB",
          "lastModified": "0001-01-01T00:00:00"
        },
        {
          "name": "TREND (WOMEN)",
          "value": "Not Applicable",
          "nameId": 950,
          "valueId": 2857,
          "isWebRefine": false,
          "languageCode": "en-GB",
          "lastModified": "0001-01-01T00:00:00"
        },
        {
          "name": "MALE MODELS",
          "value": "Not Applicable",
          "nameId": 951,
          "valueId": 2996,
          "isWebRefine": false,
          "languageCode": "en-GB",
          "lastModified": "2011-06-10T06:36:46.643Z"
        },
        {
          "name": "FEMALE MODELS",
          "value": "Not Applicable",
          "nameId": 952,
          "valueId": 3187,
          "isWebRefine": false,
          "languageCode": "en-GB",
          "lastModified": "2011-06-10T06:38:14.51Z"
        },
        {
          "name": "CARE LABELS",
          "value": "Brands",
          "nameId": 943,
          "valueId": 3227,
          "isWebRefine": false,
          "languageCode": "en-GB",
          "lastModified": "0001-01-01T00:00:00"
        },
        {
          "name": "COTTON INITIATIVE",
          "value": "Not Applicable",
          "nameId": 921,
          "valueId": 3230,
          "isWebRefine": false,
          "languageCode": "en-GB",
          "lastModified": "0001-01-01T00:00:00"
        },
        {
          "name": "ECO EDIT",
          "value": "Not Applicable",
          "nameId": 928,
          "valueId": 3239,
          "isWebRefine": false,
          "languageCode": "en-GB",
          "lastModified": "0001-01-01T00:00:00"
        },
        {
          "name": "MAGAZINE",
          "value": "Not Applicable",
          "nameId": 960,
          "valueId": 3280,
          "isWebRefine": false,
          "languageCode": "en-GB",
          "lastModified": "0001-01-01T00:00:00"
        },
        {
          "name": "EXCLUSIVE",
          "value": "No",
          "nameId": 965,
          "valueId": 3438,
          "isWebRefine": false,
          "languageCode": "en-GB",
          "lastModified": "0001-01-01T00:00:00"
        },
        {
          "name": "FLOW",
          "value": "No",
          "nameId": 966,
          "valueId": 3476,
          "isWebRefine": false,
          "languageCode": "en-GB",
          "lastModified": "0001-01-01T00:00:00"
        },
        {
          "name": "ELECTRICAL EQUIPMENT",
          "value": "Not Applicable",
          "nameId": 967,
          "valueId": 3530,
          "isWebRefine": false,
          "languageCode": "en-GB",
          "lastModified": "0001-01-01T00:00:00"
        },
        {
          "name": "CARBON NEUTRAL",
          "value": "NO",
          "nameId": 971,
          "valueId": 3581,
          "isWebRefine": false,
          "languageCode": "en-GB",
          "lastModified": "0001-01-01T00:00:00"
        },
        {
          "name": "GOLD SEAL/BLIND GOLD SEAL",
          "value": "GOLD SEALED",
          "nameId": 974,
          "valueId": 3605,
          "isWebRefine": false,
          "languageCode": "en-GB",
          "lastModified": "0001-01-01T00:00:00"
        },
        {
          "name": "GIFTING",
          "value": "No",
          "nameId": 978,
          "valueId": 3631,
          "isWebRefine": false,
          "languageCode": "en-GB",
          "lastModified": "0001-01-01T00:00:00"
        },
        {
          "name": "CTL - STYLING ITEM",
          "value": "NO",
          "nameId": 984,
          "valueId": 3701,
          "isWebRefine": false,
          "languageCode": "en-GB",
          "lastModified": "0001-01-01T00:00:00"
        },
        {
          "name": "PRODUCT TYPE",
          "value": "Beauty",
          "nameId": 900,
          "valueId": 4029,
          "isWebRefine": true,
          "languageCode": "en-GB",
          "lastModified": "0001-01-01T00:00:00"
        },
        {
          "name": "COMMUNITY",
          "value": "No",
          "nameId": 1008,
          "valueId": 4204,
          "isWebRefine": false,
          "languageCode": "en-GB",
          "lastModified": "0001-01-01T00:00:00"
        },
        {
          "name": "STYLE DESTINATION",
          "value": "NOT CHINA",
          "nameId": 1010,
          "valueId": 4248,
          "isWebRefine": false,
          "languageCode": "en-GB",
          "lastModified": "0001-01-01T00:00:00"
        },
        {
          "name": "STYLE",
          "value": "Illuminators & Primers",
          "nameId": 989,
          "valueId": 5105,
          "isWebRefine": true,
          "languageCode": "en-GB",
          "lastModified": "0001-01-01T00:00:00"
        }
      ],
      "brandSizes": [
        {
          "name": "One Size",
          "schema": "UK",
          "text": "",
          "sortOrder": 2
        },
        {
          "name": "One Size",
          "schema": "US",
          "text": "",
          "sortOrder": 2
        },
        {
          "name": "One Size",
          "schema": "AU",
          "text": "",
          "sortOrder": 2
        }
      ],
      "refinementSizes": [
        {
          "id": 1917,
          "name": "One Size",
          "schema": "UK",
          "sortOrder": 170
        },
        {
          "id": 1917,
          "name": "One Size",
          "schema": "US",
          "sortOrder": 170
        },
        {
          "id": 1917,
          "name": "One Size",
          "schema": "AU",
          "sortOrder": 170
        }
      ],
      "isInStock": true,
      "isLowInStock": false,
      "price": {
        "currency": "GBP",
        "current": {
          "value": 24.5,
          "text": "£24.50"
        },
        "previous": {
          "value": 24.5,
          "text": "£24.50"
        },
        "rrp": {
          "value": 0.0,
          "text": "£0.00"
        },
        "isMarkedDown": false,
        "isOutletPrice": false
      },
      "weight": 44.0,
      "isPrimary": true,
      "navigateUrl": "/benefit/benefit-porefessional-22ml/prd/1333421",
      "isAvailable": true
    }
  ],
  "legacyMedia": {
    "images": [
      {
        "url": "http://images.asos-media.com/inv/media/0/2/4/3/1333420/porefessional/image1xs.jpg",
        "size": "xs",
        "colourCode": "NC1",
        "colour": "Pore fessional",
        "isPrimary": true,
        "type": "Standard"
      },
      {
        "url": "http://images.asos-media.com/inv/media/0/2/4/3/1333420/porefessional/image1xl.jpg",
        "size": "s",
        "colourCode": "NC1",
        "colour": "Pore fessional",
        "isPrimary": true,
        "type": "Standard"
      },
      {
        "url": "http://images.asos-media.com/inv/media/0/2/4/3/1333420/porefessional/image1l.jpg",
        "size": "l",
        "colourCode": "NC1",
        "colour": "Pore fessional",
        "isPrimary": true,
        "type": "Standard"
      },
      {
        "url": "http://images.asos-media.com/inv/media/0/2/4/3/1333420/porefessional/image1xl.jpg",
        "size": "xl",
        "colourCode": "NC1",
        "colour": "Pore fessional",
        "isPrimary": true,
        "type": "Standard"
      },
      {
        "url": "http://images.asos-media.com/inv/media/0/2/4/3/1333420/porefessional/image1xxl.jpg",
        "size": "xxl",
        "colourCode": "NC1",
        "colour": "Pore fessional",
        "isPrimary": true,
        "type": "Standard"
      },
      {
        "url": "http://images.asos-media.com/inv/media/0/2/4/3/1333420/image2s.jpg",
        "size": "s",
        "colourCode": "",
        "colour": "",
        "isPrimary": false,
        "type": "Standard"
      },
      {
        "url": "http://images.asos-media.com/inv/media/0/2/4/3/1333420/image2xl.jpg",
        "size": "xl",
        "colourCode": "",
        "colour": "",
        "isPrimary": false,
        "type": "Standard"
      },
      {
        "url": "http://images.asos-media.com/inv/media/0/2/4/3/1333420/image2xxl.jpg",
        "size": "xxl",
        "colourCode": "",
        "colour": "",
        "isPrimary": false,
        "type": "Standard"
      },
      {
        "url": "http://images.asos-media.com/inv/media/0/2/4/3/1333420/image3s.jpg",
        "size": "s",
        "colourCode": "",
        "colour": "",
        "isPrimary": false,
        "type": "Standard"
      },
      {
        "url": "http://images.asos-media.com/inv/media/0/2/4/3/1333420/image3xl.jpg",
        "size": "xl",
        "colourCode": "",
        "colour": "",
        "isPrimary": false,
        "type": "Standard"
      },
      {
        "url": "http://images.asos-media.com/inv/media/0/2/4/3/1333420/image3xxl.jpg",
        "size": "xxl",
        "colourCode": "",
        "colour": "",
        "isPrimary": false,
        "type": "Standard"
      },
      {
        "url": "http://images.asos-media.com/inv/media/0/2/4/3/1333420/image4s.jpg",
        "size": "s",
        "colourCode": "",
        "colour": "",
        "isPrimary": false,
        "type": "Standard"
      },
      {
        "url": "http://images.asos-media.com/inv/media/0/2/4/3/1333420/image4xl.jpg",
        "size": "xl",
        "colourCode": "",
        "colour": "",
        "isPrimary": false,
        "type": "Standard"
      },
      {
        "url": "http://images.asos-media.com/inv/media/0/2/4/3/1333420/image4xxl.jpg",
        "size": "xxl",
        "colourCode": "",
        "colour": "",
        "isPrimary": false,
        "type": "Standard"
      }
    ]
  },
  "media": {
    "images": [
      {
        "url": "s7testing-images.asos-media.com/products/benefit-porefessional-22ml/1333420-1-porefessional",
        "colourCode": "NC1",
        "colour": "Pore fessional",
        "isPrimary": true,
        "type": "Standard1"
      },
      {
        "url": "s7testing-images.asos-media.com/products/benefit-porefessional-22ml/1333420-2",
        "colourCode": "",
        "colour": "",
        "isPrimary": false,
        "type": "Standard2"
      },
      {
        "url": "s7testing-images.asos-media.com/products/benefit-porefessional-22ml/1333420-3",
        "colourCode": "",
        "colour": "",
        "isPrimary": false,
        "type": "Standard3"
      },
      {
        "url": "s7testing-images.asos-media.com/products/benefit-porefessional-22ml/1333420-4",
        "colourCode": "",
        "colour": "",
        "isPrimary": false,
        "type": "Standard4"
      }
    ],
    "catwalk": [],
    "spinSet": []
  },
  "webCategoryIds": [
    {
      "id": 1314
    },
    {
      "id": 5020
    },
    {
      "id": 7662
    },
    {
      "id": 13040
    },
    {
      "id": 13230
    },
    {
      "id": 16789
    },
    {
      "id": 17557
    },
    {
      "id": 19834
    },
    {
      "id": 22264
    }
  ],
  "navigateUrl": "/benefit/benefit-porefessional-22ml/prd/1333420",
  "statusId": 50000,
  "divisionId": 7,
  "isAvailable": true,
  "dateOnSite": "2016-09-26T09:00:28Z",
  "lastModified": "2016-10-16T21:01:22.832064Z",
  "lastTranslationModified": "2016-10-05T11:29:23.983Z",
  "price": {
    "currency": "GBP",
    "current": {
      "value": 24.5,
      "text": "£24.50"
    },
    "previous": {
      "value": 0.0,
      "text": "£0.00"
    },
    "rrp": {
      "value": 0.0,
      "text": "£0.00"
    },
    "isMarkedDown": false,
    "isOutletPrice": false
  }
}